data,n,p,method,acc,sens,spec,auc,non-zeros
simulate10_10_5_9_data.csv,1000,20,CPA,0.788,0.8674948240165632,0.7137330754352031,0.8926278778267678,15
simulate10_10_5_9_data.csv,1000,20,LR,0.803,0.7991718426501035,0.8065764023210832,0.8994157245776118,21
simulate10_10_5_9_data.csv,1000,20,Round,0.755,0.9420289855072463,0.5802707930367504,0.8908157830452003,15
simulate10_10_5_9_data.csv,1000,20,Round_Med,0.769,0.9089026915113871,0.6382978723404256,0.8941175999455371,16
simulate5_5_3_1_data.csv,1000,10,CPA,0.834,0.8799212598425197,0.7865853658536586,0.920009522437744,7
simulate5_5_3_1_data.csv,1000,10,LR,0.853,0.8326771653543307,0.8739837398373984,0.9265992093976059,11
simulate5_5_3_1_data.csv,1000,10,Round,0.834,0.8838582677165354,0.782520325203252,0.9203176013059343,7
simulate5_5_3_1_data.csv,1000,10,Round_Med,0.855,0.8326771653543307,0.8780487804878049,0.9246967223609244,8
simulate10_10_5_8_data.csv,1000,20,CPA,0.827,0.876984126984127,0.7762096774193549,0.9057559683819765,15
simulate10_10_5_8_data.csv,1000,20,LR,0.837,0.8353174603174603,0.8387096774193549,0.9188328052995391,21
simulate10_10_5_8_data.csv,1000,20,Round,0.817,0.7619047619047619,0.8729838709677419,0.9057559683819765,15
simulate10_10_5_8_data.csv,1000,20,Round_Med,0.827,0.8472222222222222,0.8064516129032258,0.9112083173323092,17
simulate10_0_0_8_data.csv,1000,10,CPA,0.672,0.808300395256917,0.5323886639676113,0.7340957097822087,8
simulate10_0_0_8_data.csv,1000,10,LR,0.685,0.7608695652173914,0.6072874493927125,0.7454313421132643,11
simulate10_0_0_8_data.csv,1000,10,Round,0.672,0.808300395256917,0.5323886639676113,0.7340957097822086,8
simulate10_0_0_8_data.csv,1000,10,Round_Med,0.652,0.4407114624505929,0.868421052631579,0.7369121153446097,8
simulate10_0_0_9_data.csv,1000,10,CPA,0.667,0.8563106796116505,0.465979381443299,0.7500710639575618,9
simulate10_0_0_9_data.csv,1000,10,LR,0.713,0.7281553398058253,0.6969072164948453,0.7720888799919928,11
simulate10_0_0_9_data.csv,1000,10,Round,0.711,0.7398058252427184,0.6804123711340206,0.751584425983385,8
simulate10_0_0_9_data.csv,1000,10,Round_Med,0.698,0.7805825242718447,0.6103092783505155,0.7641237113402062,10
simulate10_0_0_10_data.csv,1000,10,CPA,0.65,0.8228105906313645,0.48330058939096265,0.730026528595265,7
simulate10_0_0_10_data.csv,1000,10,LR,0.702,0.6415478615071283,0.7603143418467584,0.7626090853436513,11
simulate10_0_0_10_data.csv,1000,10,Round,0.578,0.15885947046843177,0.9823182711198428,0.7333135936043278,6
simulate10_0_0_10_data.csv,1000,10,Round_Med,0.673,0.814663951120163,0.5363457760314342,0.7578475426038036,11
simulate10_0_10_1_data.csv,1000,10,CPA,0.645,0.8326848249027238,0.44650205761316875,0.6867524138924918,8
simulate10_0_10_1_data.csv,1000,10,LR,0.647,0.6828793774319066,0.6090534979423868,0.7107131991481321,11
simulate10_0_10_1_data.csv,1000,10,Round,0.645,0.8326848249027238,0.44650205761316875,0.6867524138924918,8
simulate10_0_10_1_data.csv,1000,10,Round_Med,0.655,0.7412451361867705,0.5637860082304527,0.7040339626266993,10
simulate50_50_0_9_data.csv,1000,100,CPA,0.845,0.9130434782608695,0.7753036437246964,0.9344965675057209,48
simulate50_50_0_9_data.csv,1000,100,LR,0.973,0.9802371541501976,0.9655870445344129,0.9966435166663999,101
simulate50_50_0_9_data.csv,1000,100,Round,0.932,0.9980237154150198,0.8643724696356275,0.994919268374646,92
simulate50_50_0_9_data.csv,1000,100,Round_Med,0.926,0.9723320158102767,0.8785425101214575,0.9814233249587941,72
simulate50_50_0_8_data.csv,1000,100,CPA,0.868,0.9462151394422311,0.7891566265060241,0.9476731627706043,56
simulate50_50_0_8_data.csv,1000,100,LR,0.972,0.9721115537848606,0.9718875502008032,0.9968119489911839,101
simulate50_50_0_8_data.csv,1000,100,Round,0.936,0.9920318725099602,0.8795180722891566,0.9949999199987201,92
simulate50_50_0_8_data.csv,1000,100,Round_Med,0.897,0.9741035856573705,0.8192771084337349,0.9788896622345957,71
simulate5_5_5_4_data.csv,1000,10,CPA,0.717,0.9008097165991903,0.5375494071146245,0.8408650845721783,7
simulate5_5_5_4_data.csv,1000,10,LR,0.754,0.7388663967611336,0.7687747035573123,0.8498903842153271,11
simulate5_5_5_4_data.csv,1000,10,Round,0.701,0.4230769230769231,0.9723320158102767,0.8416231937398986,6
simulate5_5_5_4_data.csv,1000,10,Round_Med,0.748,0.6518218623481782,0.841897233201581,0.8446776335792353,7
simulate5_5_5_5_data.csv,1000,10,CPA,0.78,0.8260869565217391,0.7327935222672065,0.8643624681954202,9
simulate5_5_5_5_data.csv,1000,10,LR,0.779,0.7964426877470355,0.7611336032388664,0.870145300923333,11
simulate5_5_5_5_data.csv,1000,10,Round,0.766,0.6086956521739131,0.9271255060728745,0.8627202317133668,9
simulate5_5_5_5_data.csv,1000,10,Round_Med,0.779,0.8162055335968379,0.7408906882591093,0.8634383351202572,9
simulate0_10_3_9_data.csv,1000,10,CPA,0.851,0.890020366598778,0.8133595284872298,0.9408608389118074,11
simulate0_10_3_9_data.csv,1000,10,LR,0.859,0.8635437881873728,0.8546168958742633,0.9428594864736175,11
simulate0_10_3_9_data.csv,1000,10,Round,0.851,0.890020366598778,0.8133595284872298,0.9408608389118074,11
simulate0_10_3_9_data.csv,1000,10,Round_Med,0.71,0.4175152749490835,0.9921414538310412,0.9004477450694025,9
simulate0_10_3_8_data.csv,1000,10,CPA,0.853,0.9490196078431372,0.753061224489796,0.95046818727491,11
simulate0_10_3_8_data.csv,1000,10,LR,0.868,0.8607843137254902,0.8755102040816326,0.9542456982793117,11
simulate0_10_3_8_data.csv,1000,10,Round,0.852,0.9529411764705882,0.746938775510204,0.9508303321328531,11
simulate0_10_3_8_data.csv,1000,10,Round_Med,0.835,0.696078431372549,0.9795918367346939,0.9397879151660664,10
simulate5_5_10_5_data.csv,1000,10,CPA,0.72,0.8389662027833003,0.5995975855130785,0.813539287414347,9
simulate5_5_10_5_data.csv,1000,10,LR,0.74,0.7276341948310139,0.7525150905432596,0.8261037397346305,11
simulate5_5_10_5_data.csv,1000,10,Round,0.73,0.7475149105367793,0.7122736418511066,0.8071450572220599,8
simulate5_5_10_5_data.csv,1000,10,Round_Med,0.702,0.8966202783300199,0.5050301810865191,0.8167974047065694,10
simulate5_5_10_4_data.csv,1000,10,CPA,0.731,0.8227091633466136,0.6385542168674698,0.7807284916558664,7
simulate5_5_10_4_data.csv,1000,10,LR,0.727,0.7689243027888446,0.6847389558232931,0.788140610249764,11
simulate5_5_10_4_data.csv,1000,10,Round,0.733,0.8147410358565738,0.6506024096385542,0.7816505064081026,8
simulate5_5_10_4_data.csv,1000,10,Round_Med,0.727,0.7689243027888446,0.6847389558232931,0.7818445095121521,8
simulate50_50_0_3_data.csv,1000,100,CPA,0.883,0.9452332657200812,0.8224852071005917,0.9556753123612228,50
simulate50_50_0_3_data.csv,1000,100,LR,1.0,1.0,1.0,1.0,101
simulate50_50_0_3_data.csv,1000,100,Round,1.0,1.0,1.0,1.0,101
simulate50_50_0_3_data.csv,1000,100,Round_Med,0.888,0.9878296146044625,0.7909270216962525,0.8936931638601167,74
simulate50_50_0_2_data.csv,1000,100,CPA,0.88,0.9395161290322581,0.8214285714285714,0.962671610983103,50
simulate50_50_0_2_data.csv,1000,100,LR,1.0,1.0,1.0,1.0,101
simulate50_50_0_2_data.csv,1000,100,Round,1.0,1.0,1.0,0.9999999999999999,101
simulate50_50_0_2_data.csv,1000,100,Round_Med,0.88,0.9919354838709677,0.7698412698412699,0.8821724590373784,71
simulate10_0_0_2_data.csv,1000,10,CPA,0.607,0.905587668593449,0.28482328482328484,0.6830823709436427,8
simulate10_0_0_2_data.csv,1000,10,LR,0.649,0.653179190751445,0.6444906444906445,0.7021238668637512,11
simulate10_0_0_2_data.csv,1000,10,Round,0.639,0.6184971098265896,0.6611226611226612,0.6795552778211738,7
simulate10_0_0_2_data.csv,1000,10,Round_Med,0.645,0.6069364161849711,0.6860706860706861,0.683853484431519,9
simulate10_0_0_3_data.csv,1000,10,CPA,0.627,0.8312236286919831,0.4429657794676806,0.6959658917713497,5
simulate10_0_0_3_data.csv,1000,10,LR,0.656,0.6223628691983122,0.6863117870722434,0.7201974138069339,11
simulate10_0_0_3_data.csv,1000,10,Round,0.627,0.8312236286919831,0.4429657794676806,0.6959658917713497,5
simulate10_0_0_3_data.csv,1000,10,Round_Med,0.655,0.6455696202531646,0.6634980988593155,0.7173697678522725,9
simulate0_10_5_7_data.csv,1000,10,CPA,0.81,0.8720472440944882,0.7459349593495935,0.8946950419307342,11
simulate0_10_5_7_data.csv,1000,10,LR,0.822,0.8484251968503937,0.7947154471544715,0.9013427437423981,11
simulate0_10_5_7_data.csv,1000,10,Round,0.81,0.8759842519685039,0.741869918699187,0.8944769861084437,11
simulate0_10_5_7_data.csv,1000,10,Round_Med,0.756,0.9645669291338582,0.540650406504065,0.8746038985980411,11
simulate0_10_5_6_data.csv,1000,10,CPA,0.795,0.8877551020408163,0.7058823529411765,0.8973089235694277,11
simulate0_10_5_6_data.csv,1000,10,LR,0.813,0.810204081632653,0.8156862745098039,0.903235294117647,11
simulate0_10_5_6_data.csv,1000,10,Round,0.803,0.8959183673469387,0.7137254901960784,0.899251700680272,11
simulate0_10_5_6_data.csv,1000,10,Round_Med,0.787,0.6775510204081633,0.8921568627450981,0.8617747098839535,9
simulate10_10_5_3_data.csv,1000,20,CPA,0.805,0.9066666666666666,0.6926315789473684,0.8839498746867167,15
simulate10_10_5_3_data.csv,1000,20,LR,0.811,0.8380952380952381,0.7810526315789473,0.8977644110275689,21
simulate10_10_5_3_data.csv,1000,20,Round,0.801,0.7676190476190476,0.8378947368421052,0.8839538847117795,15
simulate10_10_5_3_data.csv,1000,20,Round_Med,0.811,0.878095238095238,0.7368421052631579,0.8908691729323308,15
simulate10_10_5_2_data.csv,1000,20,CPA,0.784,0.8937007874015748,0.6707317073170732,0.886314896613533,13
simulate10_10_5_2_data.csv,1000,20,LR,0.807,0.812992125984252,0.8008130081300813,0.8983339734972152,21
simulate10_10_5_2_data.csv,1000,20,Round,0.771,0.6200787401574803,0.926829268292683,0.8870570866141734,13
simulate10_10_5_2_data.csv,1000,20,Round_Med,0.747,0.5590551181102362,0.9410569105691057,0.8823658856667306,13
simulate0_10_3_3_data.csv,1000,10,CPA,0.866,0.9248554913294798,0.8024948024948025,0.9387635746017249,11
simulate0_10_3_3_data.csv,1000,10,LR,0.874,0.9113680154142582,0.8336798336798337,0.9440171607801666,11
simulate0_10_3_3_data.csv,1000,10,Round,0.813,0.6897880539499036,0.9459459459459459,0.9383890337647561,10
simulate0_10_3_3_data.csv,1000,10,Round_Med,0.861,0.905587668593449,0.8128898128898129,0.9200225125080616,9
simulate0_10_3_2_data.csv,1000,10,CPA,0.87,0.8962655601659751,0.8455598455598455,0.9360170781332607,11
simulate0_10_3_2_data.csv,1000,10,LR,0.87,0.8775933609958506,0.862934362934363,0.9383801406622984,11
simulate0_10_3_2_data.csv,1000,10,Round,0.864,0.8506224066390041,0.8764478764478765,0.933277527675868,11
simulate0_10_3_2_data.csv,1000,10,Round_Med,0.681,0.34024896265560167,0.9980694980694981,0.9009316073631427,8
simulate10_10_3_7_data.csv,1000,20,CPA,0.845,0.8840864440078585,0.8044806517311609,0.9299473029261479,16
simulate10_10_3_7_data.csv,1000,20,LR,0.856,0.8664047151277013,0.845213849287169,0.9361993285824608,21
simulate10_10_3_7_data.csv,1000,20,Round,0.828,0.9449901768172888,0.7067209775967414,0.9299773126492984,15
simulate10_10_3_7_data.csv,1000,20,Round_Med,0.771,0.5717092337917485,0.9775967413441955,0.923567235784394,13
simulate10_10_3_6_data.csv,1000,20,CPA,0.855,0.8964803312629399,0.816247582205029,0.9389093792424041,15
simulate10_10_3_6_data.csv,1000,20,LR,0.87,0.8633540372670807,0.8762088974854932,0.9458133602444426,21
simulate10_10_3_6_data.csv,1000,20,Round,0.86,0.8012422360248447,0.9148936170212766,0.9389093792424041,15
simulate10_10_3_6_data.csv,1000,20,Round_Med,0.862,0.8923395445134575,0.8336557059961315,0.9393238583802876,15
simulate10_10_0_3_data.csv,1000,20,CPA,0.851,0.8959183673469387,0.807843137254902,0.9412865146058422,19
simulate10_10_0_3_data.csv,1000,20,LR,0.865,0.8367346938775511,0.8921568627450981,0.9445738295318128,21
simulate10_10_0_3_data.csv,1000,20,Round,0.852,0.8714285714285714,0.8333333333333334,0.9415286114445778,19
simulate10_10_0_3_data.csv,1000,20,Round_Med,0.861,0.8346938775510204,0.8862745098039215,0.9387274909963986,19
simulate10_10_0_2_data.csv,1000,20,CPA,0.904,0.9434697855750487,0.8624229979466119,0.9680824237184336,16
simulate10_10_0_2_data.csv,1000,20,LR,0.908,0.9142300194931774,0.9014373716632443,0.9711545004422989,21
simulate10_10_0_2_data.csv,1000,20,Round,0.901,0.9200779727095516,0.8809034907597536,0.9667735389123047,16
simulate10_10_0_2_data.csv,1000,20,Round_Med,0.89,0.9220272904483431,0.8562628336755647,0.9605993651708555,13
simulate0_10_0_7_data.csv,1000,10,CPA,0.887,0.9252525252525252,0.8495049504950495,0.9572777277727773,11
simulate0_10_0_7_data.csv,1000,10,LR,0.89,0.8646464646464647,0.9148514851485149,0.959025902590259,11
simulate0_10_0_7_data.csv,1000,10,Round,0.887,0.9252525252525252,0.8495049504950495,0.9572777277727773,11
simulate0_10_0_7_data.csv,1000,10,Round_Med,0.859,0.7555555555555555,0.9603960396039604,0.9102010201020101,8
simulate0_10_0_6_data.csv,1000,10,CPA,0.874,0.8742268041237113,0.8737864077669902,0.944724251826644,11
simulate0_10_0_6_data.csv,1000,10,LR,0.875,0.8474226804123711,0.9009708737864077,0.9483455109598639,11
simulate0_10_0_6_data.csv,1000,10,Round,0.871,0.8061855670103093,0.9320388349514563,0.944724251826644,11
simulate0_10_0_6_data.csv,1000,10,Round_Med,0.862,0.7896907216494845,0.9300970873786408,0.9243639275347812,11
simulate10_0_5_2_data.csv,1000,10,CPA,0.572,0.896551724137931,0.2564102564102564,0.6261187192689767,4
simulate10_0_5_2_data.csv,1000,10,LR,0.617,0.6673427991886409,0.5680473372781065,0.6609255414061156,11
simulate10_0_5_2_data.csv,1000,10,Round,0.585,0.30628803245436104,0.8560157790927022,0.6261187192689767,4
simulate10_0_5_2_data.csv,1000,10,Round_Med,0.592,0.3793103448275862,0.7988165680473372,0.6571888090065653,9
simulate10_0_5_3_data.csv,1000,10,CPA,0.572,0.8482328482328483,0.3159922928709056,0.6315539639239061,5
simulate10_0_5_3_data.csv,1000,10,LR,0.611,0.5696465696465697,0.649325626204239,0.6501768553791676,11
simulate10_0_5_3_data.csv,1000,10,Round,0.601,0.4490644490644491,0.7418111753371869,0.627349893245847,4
simulate10_0_5_3_data.csv,1000,10,Round_Med,0.594,0.3388773388773389,0.8304431599229287,0.6476351852074396,9
simulate0_10_10_10_data.csv,1000,10,CPA,0.743,0.7924528301886793,0.6978967495219885,0.8195281215051048,11
simulate0_10_10_10_data.csv,1000,10,LR,0.766,0.7274633123689728,0.8011472275334608,0.8362835760469153,11
simulate0_10_10_10_data.csv,1000,10,Round,0.744,0.5828092243186582,0.8910133843212237,0.8195281215051048,11
simulate0_10_10_10_data.csv,1000,10,Round_Med,0.758,0.660377358490566,0.847036328871893,0.8178946651113757,10
simulate50_50_5_3_data.csv,1000,100,CPA,0.827,0.900990099009901,0.7515151515151515,0.9160896089608961,60
simulate50_50_5_3_data.csv,1000,100,LR,0.874,0.8871287128712871,0.8606060606060606,0.9525872587258726,101
simulate50_50_5_3_data.csv,1000,100,Round,0.788,0.6099009900990099,0.9696969696969697,0.9341894189418941,60
simulate50_50_5_3_data.csv,1000,100,Round_Med,0.85,0.8633663366336634,0.8363636363636363,0.9416881688168817,71
simulate50_50_5_2_data.csv,1000,100,CPA,0.837,0.8616352201257862,0.8145315487571702,0.9212533721354387,70
simulate50_50_5_2_data.csv,1000,100,LR,0.858,0.8427672955974843,0.8718929254302104,0.9406664502086415,101
simulate50_50_5_2_data.csv,1000,100,Round,0.793,0.9748427672955975,0.627151051625239,0.918417371157369,64
simulate50_50_5_2_data.csv,1000,100,Round_Med,0.856,0.8238993710691824,0.8852772466539197,0.9303987236993478,74
simulate10_0_3_6_data.csv,1000,10,CPA,0.636,0.7995867768595041,0.48255813953488375,0.6855520052533794,7
simulate10_0_3_6_data.csv,1000,10,LR,0.646,0.5640495867768595,0.7228682170542635,0.7016004388493818,11
simulate10_0_3_6_data.csv,1000,10,Round,0.62,0.40082644628099173,0.8255813953488372,0.6813156672432571,6
simulate10_0_3_6_data.csv,1000,10,Round_Med,0.651,0.7045454545454546,0.6007751937984496,0.6991679479787302,9
simulate10_0_3_7_data.csv,1000,10,CPA,0.58,0.8937381404174574,0.23044397463002114,0.6365882914578912,4
simulate10_0_3_7_data.csv,1000,10,LR,0.618,0.6110056925996205,0.6257928118393234,0.6570519635256408,11
simulate10_0_3_7_data.csv,1000,10,Round,0.61,0.4857685009487666,0.7484143763213531,0.6457690625865022,5
simulate10_0_3_7_data.csv,1000,10,Round_Med,0.622,0.618595825426945,0.6257928118393234,0.6581993091855851,10
simulate0_10_3_10_data.csv,1000,10,CPA,0.866,0.9107142857142857,0.8205645161290323,0.9378800243215567,10
simulate0_10_3_10_data.csv,1000,10,LR,0.868,0.8888888888888888,0.8467741935483871,0.9427023329493088,11
simulate0_10_3_10_data.csv,1000,10,Round,0.87,0.8888888888888888,0.8508064516129032,0.9392121095750128,11
simulate0_10_3_10_data.csv,1000,10,Round_Med,0.713,0.43253968253968256,0.9979838709677419,0.9145965341781874,9
simulate10_10_10_9_data.csv,1000,20,CPA,0.705,0.863265306122449,0.5529411764705883,0.778841536614646,11
simulate10_10_10_9_data.csv,1000,20,LR,0.74,0.7448979591836735,0.7352941176470589,0.807016806722689,21
simulate10_10_10_9_data.csv,1000,20,Round,0.652,0.3877551020408163,0.9058823529411765,0.7841316526610643,11
simulate10_10_10_9_data.csv,1000,20,Round_Med,0.711,0.8591836734693877,0.5686274509803921,0.8017306922769107,14
simulate10_10_10_8_data.csv,1000,20,CPA,0.703,0.8003952569169961,0.6032388663967612,0.7847410027043895,15
simulate10_10_10_8_data.csv,1000,20,LR,0.723,0.7292490118577075,0.7165991902834008,0.8043098206141686,20
simulate10_10_10_8_data.csv,1000,20,Round,0.667,0.9268774703557312,0.4008097165991903,0.7848510185466707,14
simulate10_10_10_8_data.csv,1000,20,Round_Med,0.701,0.8280632411067194,0.5708502024291497,0.7953505304763886,17
simulate50_50_3_7_data.csv,1000,100,CPA,0.854,0.890020366598778,0.8192534381139489,0.936625466651195,60
simulate50_50_3_7_data.csv,1000,100,LR,0.919,0.9164969450101833,0.9214145383104125,0.9789331743484889,101
simulate50_50_3_7_data.csv,1000,100,Round,0.899,0.8737270875763747,0.9233791748526523,0.9690199624678396,77
simulate50_50_3_7_data.csv,1000,100,Round_Med,0.89,0.9226069246435845,0.8585461689587426,0.9676755268707061,72
simulate50_50_3_6_data.csv,1000,100,CPA,0.859,0.9254901960784314,0.789795918367347,0.9451160464185674,47
simulate50_50_3_6_data.csv,1000,100,LR,0.939,0.9372549019607843,0.9408163265306122,0.9898599439775911,101
simulate50_50_3_6_data.csv,1000,100,Round,0.843,0.9941176470588236,0.6857142857142857,0.9849179671868746,77
simulate50_50_3_6_data.csv,1000,100,Round_Med,0.921,0.8941176470588236,0.9489795918367347,0.9833393357342938,71
simulate50_50_5_9_data.csv,1000,100,CPA,0.833,0.8724696356275303,0.7944664031620553,0.9187503000432061,63
simulate50_50_5_9_data.csv,1000,100,LR,0.884,0.8866396761133604,0.8814229249011858,0.952877214318862,101
simulate50_50_5_9_data.csv,1000,100,Round,0.753,0.520242914979757,0.9802371541501976,0.9321382279048183,61
simulate50_50_5_9_data.csv,1000,100,Round_Med,0.871,0.8522267206477733,0.8893280632411067,0.9467543326238979,75
simulate50_50_5_8_data.csv,1000,100,CPA,0.841,0.8895348837209303,0.7892561983471075,0.9164244186046512,56
simulate50_50_5_8_data.csv,1000,100,LR,0.872,0.8875968992248062,0.8553719008264463,0.9501129156256006,99
simulate50_50_5_8_data.csv,1000,100,Round,0.833,0.9050387596899225,0.756198347107438,0.9289912870779679,58
simulate50_50_5_8_data.csv,1000,100,Round_Med,0.848,0.8003875968992248,0.8987603305785123,0.942324940739317,70
simulate10_0_5_8_data.csv,1000,10,CPA,0.614,0.7919191919191919,0.4396039603960396,0.6700170017001701,6
simulate10_0_5_8_data.csv,1000,10,LR,0.666,0.6424242424242425,0.689108910891089,0.707060706070607,11
simulate10_0_5_8_data.csv,1000,10,Round,0.64,0.6808080808080809,0.6,0.6781158115811581,7
simulate10_0_5_8_data.csv,1000,10,Round_Med,0.639,0.6888888888888889,0.5900990099009901,0.6978217821782178,9
simulate10_0_5_9_data.csv,1000,10,CPA,0.637,0.777120315581854,0.49290060851926976,0.6695952406671708,7
simulate10_0_5_9_data.csv,1000,10,LR,0.642,0.6587771203155819,0.6247464503042597,0.6949042012234398,11
simulate10_0_5_9_data.csv,1000,10,Round,0.636,0.7731755424063116,0.4949290060851927,0.6680409360234606,7
simulate10_0_5_9_data.csv,1000,10,Round_Med,0.628,0.6646942800788954,0.59026369168357,0.6802733335733804,8
simulate50_50_10_4_data.csv,1000,100,CPA,0.736,0.8229376257545271,0.6500994035785288,0.8321639579024844,47
simulate50_50_10_4_data.csv,1000,100,LR,0.802,0.8028169014084507,0.8011928429423459,0.8763515486557516,101
simulate50_50_10_4_data.csv,1000,100,Round,0.75,0.8028169014084507,0.6978131212723658,0.8349240572660616,46
simulate50_50_10_4_data.csv,1000,100,Round_Med,0.761,0.8672032193158954,0.6560636182902585,0.868979283254197,77
simulate50_50_10_5_data.csv,1000,100,CPA,0.744,0.8407766990291262,0.6412371134020619,0.8240076068461615,40
simulate50_50_10_5_data.csv,1000,100,LR,0.775,0.7902912621359224,0.7587628865979381,0.8620798718846963,101
simulate50_50_10_5_data.csv,1000,100,Round,0.646,0.3533980582524272,0.9567010309278351,0.8136622960664599,35
simulate50_50_10_5_data.csv,1000,100,Round_Med,0.754,0.9067961165048544,0.5917525773195876,0.8579581623461116,74
simulate10_10_0_9_data.csv,1000,20,CPA,0.853,0.9195402298850575,0.7803347280334728,0.9376492890235496,15
simulate10_10_0_9_data.csv,1000,20,LR,0.863,0.8831417624521073,0.8410041841004184,0.9425708171019092,21
simulate10_10_0_9_data.csv,1000,20,Round,0.803,0.6628352490421456,0.9560669456066946,0.9376773433366999,14
simulate10_10_0_9_data.csv,1000,20,Round_Med,0.839,0.7796934865900383,0.9037656903765691,0.936573205726286,15
simulate0_10_10_6_data.csv,1000,10,CPA,0.707,0.817047817047817,0.605009633911368,0.8015554460641167,11
simulate0_10_10_6_data.csv,1000,10,LR,0.728,0.7110187110187111,0.74373795761079,0.8186321047592724,11
simulate0_10_10_6_data.csv,1000,10,Round,0.707,0.817047817047817,0.605009633911368,0.8015554460641167,11
simulate0_10_10_6_data.csv,1000,10,Round_Med,0.703,0.8918918918918919,0.5279383429672447,0.8088139273110372,11
simulate10_0_5_10_data.csv,1000,10,CPA,0.618,0.8369351669941061,0.3910386965376782,0.6807085495700607,7
simulate10_0_5_10_data.csv,1000,10,LR,0.642,0.6836935166994106,0.5987780040733197,0.7049243955041433,11
simulate10_0_5_10_data.csv,1000,10,Round,0.618,0.8369351669941061,0.3910386965376782,0.6807085495700607,7
simulate10_0_5_10_data.csv,1000,10,Round_Med,0.604,0.3713163064833006,0.845213849287169,0.6906977860826908,8
simulate10_10_0_8_data.csv,1000,20,CPA,0.892,0.9438877755511023,0.8403193612774451,0.963691854767419,17
simulate10_10_0_8_data.csv,1000,20,LR,0.897,0.8897795591182365,0.9041916167664671,0.966061864247457,21
simulate10_10_0_8_data.csv,1000,20,Round,0.864,0.9759519038076152,0.7524950099800399,0.9644718578874315,17
simulate10_10_0_8_data.csv,1000,20,Round_Med,0.868,0.9719438877755511,0.7644710578842315,0.9624138496553986,17
simulate0_10_10_7_data.csv,1000,10,CPA,0.737,0.8367768595041323,0.6434108527131783,0.8185722179511821,10
simulate0_10_10_7_data.csv,1000,10,LR,0.752,0.7252066115702479,0.7771317829457365,0.8338838971106413,11
simulate0_10_10_7_data.csv,1000,10,Round,0.729,0.8739669421487604,0.5930232558139535,0.8216313505029149,11
simulate0_10_10_7_data.csv,1000,10,Round_Med,0.743,0.6652892561983471,0.8158914728682171,0.8128823915689666,9
simulate10_10_10_3_data.csv,1000,20,CPA,0.693,0.8722986247544204,0.5071283095723014,0.7800127241226157,11
simulate10_10_10_3_data.csv,1000,20,LR,0.73,0.7406679764243614,0.7189409368635438,0.8035923639259122,21
simulate10_10_10_3_data.csv,1000,20,Round,0.714,0.6011787819253438,0.8309572301425662,0.780152769497317,12
simulate10_10_10_3_data.csv,1000,20,Round_Med,0.717,0.75049115913556,0.6822810590631364,0.7996170759326021,14
simulate10_10_10_2_data.csv,1000,20,CPA,0.714,0.7890466531440162,0.6410256410256411,0.7882705010181996,11
simulate10_10_10_2_data.csv,1000,20,LR,0.711,0.6997971602434077,0.7218934911242604,0.8090125664630268,21
simulate10_10_10_2_data.csv,1000,20,Round,0.685,0.4421906693711968,0.9211045364891519,0.7898528111509856,11
simulate10_10_10_2_data.csv,1000,20,Round_Med,0.707,0.6734279918864098,0.7396449704142012,0.8032474364975536,14
simulate5_5_0_4_data.csv,1000,10,CPA,0.831,0.8755020080321285,0.7868525896414342,0.9051664826637227,8
simulate5_5_0_4_data.csv,1000,10,LR,0.828,0.8413654618473896,0.8147410358565738,0.9110065761052176,11
simulate5_5_0_4_data.csv,1000,10,Round,0.828,0.8293172690763052,0.8266932270916335,0.905304484871758,7
simulate5_5_0_4_data.csv,1000,10,Round_Med,0.798,0.6827309236947792,0.9123505976095617,0.9068385094161506,7
simulate5_5_0_5_data.csv,1000,10,CPA,0.795,0.8932806324110671,0.694331983805668,0.8925425261237618,8
simulate5_5_0_5_data.csv,1000,10,LR,0.806,0.7984189723320159,0.8137651821862348,0.9026219775647694,11
simulate5_5_0_5_data.csv,1000,10,Round,0.791,0.6383399209486166,0.9473684210526315,0.8926145364932551,8
simulate5_5_0_5_data.csv,1000,10,Round_Med,0.655,0.3359683794466403,0.9817813765182186,0.8672548847033973,7
simulate50_50_10_9_data.csv,1000,100,CPA,0.747,0.8317214700193424,0.6563146997929606,0.829865324314908,47
simulate50_50_10_9_data.csv,1000,100,LR,0.789,0.8007736943907157,0.7763975155279503,0.8736379254418107,101
simulate50_50_10_9_data.csv,1000,100,Round,0.742,0.6847195357833655,0.8033126293995859,0.8253621186091122,43
simulate50_50_10_9_data.csv,1000,100,Round_Med,0.773,0.851063829787234,0.6894409937888198,0.8667099166636631,77
simulate50_50_10_8_data.csv,1000,100,CPA,0.738,0.7676767676767676,0.7089108910891089,0.8098449844984499,44
simulate50_50_10_8_data.csv,1000,100,LR,0.759,0.7595959595959596,0.7584158415841584,0.8454005400540053,101
simulate50_50_10_8_data.csv,1000,100,Round,0.654,0.9373737373737374,0.37623762376237624,0.8066606660666067,39
simulate50_50_10_8_data.csv,1000,100,Round_Med,0.755,0.7515151515151515,0.7584158415841584,0.8416581658165816,79
simulate10_10_0_4_data.csv,1000,20,CPA,0.883,0.9204771371769384,0.8450704225352113,0.9591405290590461,18
simulate10_10_0_4_data.csv,1000,20,LR,0.9,0.8966202783300199,0.903420523138833,0.9628366621198363,21
simulate10_10_0_4_data.csv,1000,20,Round,0.888,0.9204771371769384,0.8551307847082495,0.959146529275054,19
simulate10_10_0_4_data.csv,1000,20,Round_Med,0.874,0.9343936381709742,0.8128772635814889,0.9551683860618982,19
simulate10_10_0_5_data.csv,1000,20,CPA,0.883,0.9329388560157791,0.8316430020283976,0.9580997875583614,19
simulate10_10_0_5_data.csv,1000,20,LR,0.882,0.8757396449704142,0.8884381338742393,0.9618825289756792,21
simulate10_10_0_5_data.csv,1000,20,Round,0.846,0.9723865877712031,0.716024340770791,0.9577357162003752,19
simulate10_10_0_5_data.csv,1000,20,Round_Med,0.872,0.9526627218934911,0.7890466531440162,0.9532768422610832,17
simulate0_10_0_1_data.csv,1000,10,CPA,0.859,0.9326530612244898,0.788235294117647,0.9544497799119647,11
simulate0_10_0_1_data.csv,1000,10,LR,0.872,0.8530612244897959,0.8901960784313725,0.9578471388555421,11
simulate0_10_0_1_data.csv,1000,10,Round,0.859,0.9326530612244898,0.788235294117647,0.9544497799119647,11
simulate0_10_0_1_data.csv,1000,10,Round_Med,0.833,0.9653061224489796,0.7058823529411765,0.9282232893157263,11
simulate10_0_5_5_data.csv,1000,10,CPA,0.624,0.6748466257668712,0.5753424657534246,0.6832486923671057,10
simulate10_0_5_5_data.csv,1000,10,LR,0.631,0.6094069529652352,0.6516634050880626,0.6956426910624742,11
simulate10_0_5_5_data.csv,1000,10,Round,0.63,0.5787321063394683,0.6790606653620352,0.6789646188755357,7
simulate10_0_5_5_data.csv,1000,10,Round_Med,0.638,0.7137014314928425,0.5655577299412916,0.6874007019397388,9
simulate10_0_5_4_data.csv,1000,10,CPA,0.59,0.856858846918489,0.3199195171026157,0.6443971982991388,4
simulate10_0_5_4_data.csv,1000,10,LR,0.636,0.6282306163021869,0.6438631790744467,0.7072194599005565,11
simulate10_0_5_4_data.csv,1000,10,Round,0.586,0.28429423459244535,0.8913480885311871,0.6558476105139786,5
simulate10_0_5_4_data.csv,1000,10,Round_Med,0.645,0.6978131212723658,0.5915492957746479,0.7019972719017885,10
simulate50_50_5_4_data.csv,1000,100,CPA,0.815,0.8590998043052838,0.7689161554192229,0.9020105731173889,56
simulate50_50_5_4_data.csv,1000,100,LR,0.861,0.8669275929549902,0.8548057259713702,0.9414156451722634,101
simulate50_50_5_4_data.csv,1000,100,Round,0.829,0.87279843444227,0.7832310838445807,0.915319014402971,60
simulate50_50_5_4_data.csv,1000,100,Round_Med,0.839,0.7632093933463796,0.918200408997955,0.9306664425581982,71
simulate50_50_5_5_data.csv,1000,100,CPA,0.808,0.8628230616302187,0.7525150905432596,0.9007944285994296,57
simulate50_50_5_5_data.csv,1000,100,LR,0.865,0.8648111332007953,0.8651911468812877,0.9412978867239221,100
simulate50_50_5_5_data.csv,1000,100,Round,0.837,0.8389662027833003,0.8350100603621731,0.9185150665423956,57
simulate50_50_5_5_data.csv,1000,100,Round_Med,0.832,0.7534791252485089,0.9114688128772636,0.9313535287270341,68
simulate50_50_10_10_data.csv,1000,100,CPA,0.735,0.821917808219178,0.6441717791411042,0.8232344454716082,42
simulate50_50_10_10_data.csv,1000,100,LR,0.794,0.8062622309197651,0.7811860940695297,0.8747873971001964,101
simulate50_50_10_10_data.csv,1000,100,Round,0.658,0.3972602739726027,0.9304703476482618,0.8228742711472353,42
simulate50_50_10_10_data.csv,1000,100,Round_Med,0.728,0.5596868884540117,0.9038854805725971,0.8663553159729309,76
simulate5_5_0_9_data.csv,1000,10,CPA,0.845,0.8611670020120724,0.8290258449304175,0.9202171278166014,9
simulate5_5_0_9_data.csv,1000,10,LR,0.85,0.8390342052313883,0.8608349900596421,0.9241852706697442,11
simulate5_5_0_9_data.csv,1000,10,Round,0.847,0.8410462776659959,0.852882703777336,0.9172730218287859,9
simulate5_5_0_9_data.csv,1000,10,Round_Med,0.848,0.8108651911468813,0.8846918489065606,0.9127788600389615,8
simulate5_5_0_8_data.csv,1000,10,CPA,0.831,0.8612244897959184,0.8019607843137255,0.9210104041616646,10
simulate5_5_0_8_data.csv,1000,10,LR,0.825,0.8040816326530612,0.8450980392156863,0.9263605442176871,11
simulate5_5_0_8_data.csv,1000,10,Round,0.821,0.7387755102040816,0.9,0.9180212084833934,11
simulate5_5_0_8_data.csv,1000,10,Round_Med,0.831,0.8448979591836735,0.8176470588235294,0.9185674269707883,10
simulate10_0_3_1_data.csv,1000,10,CPA,0.634,0.8252032520325203,0.44881889763779526,0.6844432174636708,7
simulate10_0_3_1_data.csv,1000,10,LR,0.655,0.7134146341463414,0.5984251968503937,0.7090415146277447,11
simulate10_0_3_1_data.csv,1000,10,Round,0.545,0.967479674796748,0.13582677165354332,0.6844432174636708,7
simulate10_0_3_1_data.csv,1000,10,Round_Med,0.638,0.491869918699187,0.7795275590551181,0.7019797068049421,9
simulate50_50_3_1_data.csv,1000,100,CPA,0.798,0.8673469387755102,0.7313725490196078,0.8993197278911564,54
simulate50_50_3_1_data.csv,1000,100,LR,0.928,0.9224489795918367,0.9333333333333333,0.9790196078431372,101
simulate50_50_3_1_data.csv,1000,100,Round,0.896,0.9346938775510204,0.8588235294117647,0.9699519807923169,78
simulate50_50_3_1_data.csv,1000,100,Round_Med,0.905,0.9122448979591836,0.8980392156862745,0.9649619847939175,72
simulate0_10_0_10_data.csv,1000,10,CPA,0.871,0.908203125,0.8319672131147541,0.9328173027663934,11
simulate0_10_0_10_data.csv,1000,10,LR,0.873,0.87890625,0.8668032786885246,0.9342541303790983,11
simulate0_10_0_10_data.csv,1000,10,Round,0.867,0.861328125,0.8729508196721312,0.9328173027663934,11
simulate0_10_0_10_data.csv,1000,10,Round_Med,0.869,0.908203125,0.8278688524590164,0.9135422003073771,10
simulate50_50_10_3_data.csv,1000,100,CPA,0.749,0.8260869565217391,0.6700404858299596,0.8189519290777872,42
simulate50_50_10_3_data.csv,1000,100,LR,0.776,0.7786561264822134,0.7732793522267206,0.8608919684434558,101
simulate50_50_10_3_data.csv,1000,100,Round,0.64,0.3181818181818182,0.9696356275303644,0.8068341841225136,36
simulate50_50_10_3_data.csv,1000,100,Round_Med,0.761,0.6996047430830039,0.8238866396761133,0.8515826278984174,75
simulate50_50_10_2_data.csv,1000,100,CPA,0.753,0.8220858895705522,0.6868884540117417,0.8453871673890162,52
simulate50_50_10_2_data.csv,1000,100,LR,0.799,0.7995910020449898,0.7984344422700587,0.8856246423268862,101
simulate50_50_10_2_data.csv,1000,100,Round,0.719,0.5010224948875256,0.9275929549902152,0.8427719016003746,45
simulate50_50_10_2_data.csv,1000,100,Round_Med,0.78,0.8507157464212679,0.7123287671232876,0.8783591258168953,75
simulate0_10_10_1_data.csv,1000,10,CPA,0.725,0.8443579766536965,0.5987654320987654,0.7977434308497863,9
simulate0_10_10_1_data.csv,1000,10,LR,0.73,0.754863813229572,0.7037037037037037,0.8143404429072393,11
simulate0_10_10_1_data.csv,1000,10,Round,0.704,0.5875486381322957,0.8271604938271605,0.7977434308497863,9
simulate0_10_10_1_data.csv,1000,10,Round_Med,0.704,0.5875486381322957,0.8271604938271605,0.7937282829738515,9
simulate10_10_10_4_data.csv,1000,20,CPA,0.697,0.8007889546351085,0.59026369168357,0.779956871546823,11
simulate10_10_10_4_data.csv,1000,20,LR,0.73,0.7455621301775148,0.7139959432048681,0.7995107040980034,21
simulate10_10_10_4_data.csv,1000,20,Round,0.587,0.20512820512820512,0.9797160243407708,0.7757540477933675,11
simulate10_10_10_4_data.csv,1000,20,Round_Med,0.703,0.8126232741617357,0.59026369168357,0.7923733051678129,15
simulate10_10_10_5_data.csv,1000,20,CPA,0.71,0.8165322580645161,0.6051587301587301,0.7992831541218639,11
simulate10_10_10_5_data.csv,1000,20,LR,0.736,0.7338709677419355,0.7380952380952381,0.8215605798771122,21
simulate10_10_10_5_data.csv,1000,20,Round,0.71,0.8165322580645161,0.6051587301587301,0.7992831541218639,11
simulate10_10_10_5_data.csv,1000,20,Round_Med,0.739,0.6350806451612904,0.8412698412698413,0.8162002368151562,15
simulate5_5_0_3_data.csv,1000,10,CPA,0.787,0.8712273641851107,0.7037773359840954,0.8779836074098668,7
simulate5_5_0_3_data.csv,1000,10,LR,0.805,0.7987927565392354,0.8111332007952287,0.8859198931161523,11
simulate5_5_0_3_data.csv,1000,10,Round,0.799,0.806841046277666,0.7912524850894632,0.8751855066782405,7
simulate5_5_0_3_data.csv,1000,10,Round_Med,0.787,0.8712273641851107,0.7037773359840954,0.8779836074098668,7
simulate5_5_0_2_data.csv,1000,10,CPA,0.818,0.9520153550863724,0.6722338204592901,0.9258772474645273,9
simulate5_5_0_2_data.csv,1000,10,LR,0.836,0.8253358925143954,0.8475991649269311,0.9290488421575659,11
simulate5_5_0_2_data.csv,1000,10,Round,0.831,0.817658349328215,0.8455114822546973,0.9249776605932865,9
simulate5_5_0_2_data.csv,1000,10,Round_Med,0.817,0.9616122840690979,0.6597077244258872,0.921796048229076,8
simulate10_0_10_7_data.csv,1000,10,CPA,0.525,0.8979591836734694,0.16666666666666666,0.532312925170068,2
simulate10_0_10_7_data.csv,1000,10,LR,0.602,0.6122448979591837,0.592156862745098,0.6235534213685474,11
simulate10_0_10_7_data.csv,1000,10,Round,0.51,0.0,1.0,0.532312925170068,2
simulate10_0_10_7_data.csv,1000,10,Round_Med,0.604,0.7142857142857143,0.4980392156862745,0.6203041216486596,10
simulate0_10_5_10_data.csv,1000,10,CPA,0.796,0.8560157790927022,0.7342799188640974,0.8870758668699066,11
simulate0_10_5_10_data.csv,1000,10,LR,0.801,0.8007889546351085,0.8012170385395537,0.8918127953078804,11
simulate0_10_5_10_data.csv,1000,10,Round,0.78,0.8974358974358975,0.6592292089249493,0.885079475577213,11
simulate0_10_5_10_data.csv,1000,10,Round_Med,0.743,0.9625246548323472,0.5172413793103449,0.8751855363651275,10
simulate10_0_10_6_data.csv,1000,10,CPA,0.508,0.9959677419354839,0.027777777777777776,0.5602838581669227,3
simulate10_0_10_6_data.csv,1000,10,LR,0.61,0.5645161290322581,0.6547619047619048,0.632478478622632,11
simulate10_0_10_6_data.csv,1000,10,Round,0.595,0.5564516129032258,0.6329365079365079,0.6035626280081925,4
simulate10_0_10_6_data.csv,1000,10,Round_Med,0.6,0.5725806451612904,0.626984126984127,0.6320184491807476,9
simulate5_5_3_7_data.csv,1000,10,CPA,0.799,0.872,0.726,0.896678,9
simulate5_5_3_7_data.csv,1000,10,LR,0.827,0.832,0.822,0.905466,11
simulate5_5_3_7_data.csv,1000,10,Round,0.827,0.826,0.828,0.897474,10
simulate5_5_3_7_data.csv,1000,10,Round_Med,0.819,0.78,0.858,0.8870899999999999,8
simulate5_5_3_6_data.csv,1000,10,CPA,0.709,0.8744769874476988,0.5574712643678161,0.7911196075602367,7
simulate5_5_3_6_data.csv,1000,10,LR,0.734,0.6903765690376569,0.7739463601532567,0.8125591144455667,11
simulate5_5_3_6_data.csv,1000,10,Round,0.734,0.7133891213389121,0.7528735632183908,0.7988806329053046,7
simulate5_5_3_6_data.csv,1000,10,Round_Med,0.702,0.4916317991631799,0.8946360153256705,0.786871382997483,7
simulate5_5_10_8_data.csv,1000,10,CPA,0.734,0.8279352226720648,0.642292490118577,0.7821786337232562,6
simulate5_5_10_8_data.csv,1000,10,LR,0.728,0.7854251012145749,0.6719367588932806,0.7987810244675233,11
simulate5_5_10_8_data.csv,1000,10,Round,0.69,0.5546558704453441,0.8221343873517787,0.7821786337232562,6
simulate5_5_10_8_data.csv,1000,10,Round_Med,0.727,0.757085020242915,0.6976284584980237,0.7872653662127347,8
simulate5_5_10_9_data.csv,1000,10,CPA,0.721,0.7050209205020921,0.735632183908046,0.7940773337180782,6
simulate5_5_10_9_data.csv,1000,10,LR,0.737,0.6589958158995816,0.8084291187739464,0.808409079978839,11
simulate5_5_10_9_data.csv,1000,10,Round,0.729,0.6820083682008368,0.7720306513409961,0.8000789528527228,7
simulate5_5_10_9_data.csv,1000,10,Round_Med,0.696,0.8326359832635983,0.5708812260536399,0.8046217477035541,8
simulate5_5_5_3_data.csv,1000,10,CPA,0.791,0.849609375,0.7295081967213115,0.8798968205686476,8
simulate5_5_5_3_data.csv,1000,10,LR,0.796,0.794921875,0.7971311475409836,0.8873871349897541,11
simulate5_5_5_3_data.csv,1000,10,Round,0.769,0.916015625,0.6147540983606558,0.8822021484375001,9
simulate5_5_5_3_data.csv,1000,10,Round_Med,0.768,0.646484375,0.8954918032786885,0.8612260662141393,7
simulate5_5_5_2_data.csv,1000,10,CPA,0.816,0.891213389121339,0.7471264367816092,0.9011386043379984,7
simulate5_5_5_2_data.csv,1000,10,LR,0.816,0.8326359832635983,0.8007662835249042,0.9078896744096571,11
simulate5_5_5_2_data.csv,1000,10,Round,0.807,0.7322175732217573,0.8754789272030651,0.9011386043379984,7
simulate5_5_5_2_data.csv,1000,10,Round_Med,0.795,0.702928870292887,0.8793103448275862,0.8913777072412189,7
simulate50_50_0_4_data.csv,1000,100,CPA,0.844,0.8993963782696177,0.7892644135188867,0.9345016420591141,53
simulate50_50_0_4_data.csv,1000,100,LR,1.0,1.0,1.0,1.0,101
simulate50_50_0_4_data.csv,1000,100,Round,1.0,1.0,1.0,1.0,101
simulate50_50_0_4_data.csv,1000,100,Round_Med,0.913,0.8309859154929577,0.9940357852882704,0.9811653219515903,76
simulate50_50_0_5_data.csv,1000,100,CPA,0.894,0.9333333333333333,0.8576923076923076,0.9639543269230769,50
simulate50_50_0_5_data.csv,1000,100,LR,1.0,1.0,1.0,1.0,101
simulate50_50_0_5_data.csv,1000,100,Round,1.0,1.0,1.0,1.0,101
simulate50_50_0_5_data.csv,1000,100,Round_Med,0.91,0.8333333333333334,0.9807692307692307,0.9395232371794872,73
simulate10_0_10_10_data.csv,1000,10,CPA,0.622,0.7555555555555555,0.4910891089108911,0.6684588458845884,5
simulate10_0_10_10_data.csv,1000,10,LR,0.629,0.6505050505050505,0.6079207920792079,0.6867826782678268,11
simulate10_0_10_10_data.csv,1000,10,Round,0.606,0.33131313131313134,0.8752475247524752,0.6684588458845884,5
simulate10_0_10_10_data.csv,1000,10,Round_Med,0.629,0.6606060606060606,0.598019801980198,0.6816661666166618,9
simulate5_5_10_2_data.csv,1000,10,CPA,0.736,0.7924151696606786,0.6793587174348698,0.7757731030924123,6
simulate5_5_10_2_data.csv,1000,10,LR,0.737,0.7904191616766467,0.6833667334669339,0.79500318001272,11
simulate5_5_10_2_data.csv,1000,10,Round,0.735,0.782435129740519,0.687374749498998,0.7795631182524729,6
simulate5_5_10_2_data.csv,1000,10,Round_Med,0.735,0.7864271457085829,0.6833667334669339,0.7874711498845995,8
simulate5_5_10_3_data.csv,1000,10,CPA,0.665,0.9464285714285714,0.3790322580645161,0.7694632456477215,6
simulate5_5_10_3_data.csv,1000,10,LR,0.72,0.6944444444444444,0.7459677419354839,0.788522465437788,11
simulate5_5_10_3_data.csv,1000,10,Round,0.565,0.16666666666666666,0.969758064516129,0.7694632456477215,6
simulate5_5_10_3_data.csv,1000,10,Round_Med,0.707,0.6091269841269841,0.8064516129032258,0.7828801043266769,7
simulate10_0_0_5_data.csv,1000,10,CPA,0.612,0.8239845261121856,0.38509316770186336,0.665359155183392,8
simulate10_0_0_5_data.csv,1000,10,LR,0.644,0.6789168278529981,0.6066252587991718,0.6824088646475326,11
simulate10_0_0_5_data.csv,1000,10,Round,0.617,0.6073500967117988,0.6273291925465838,0.6550912855260681,7
simulate10_0_0_5_data.csv,1000,10,Round_Med,0.602,0.390715667311412,0.8281573498964804,0.6772108557492461,9
simulate10_0_0_4_data.csv,1000,10,CPA,0.546,0.9402390438247012,0.14859437751004015,0.5883894142306277,4
simulate10_0_0_4_data.csv,1000,10,LR,0.606,0.5916334661354582,0.6204819277108434,0.6532384518152291,11
simulate10_0_0_4_data.csv,1000,10,Round,0.541,0.1254980079681275,0.9598393574297188,0.6185558968943503,5
simulate10_0_0_4_data.csv,1000,10,Round_Med,0.608,0.5956175298804781,0.6204819277108434,0.652230435686971,9
simulate0_10_5_1_data.csv,1000,10,CPA,0.769,0.900398406374502,0.6365461847389559,0.8745479927678843,9
simulate0_10_5_1_data.csv,1000,10,LR,0.798,0.7689243027888446,0.8273092369477911,0.8828481255700091,10
simulate0_10_5_1_data.csv,1000,10,Round,0.789,0.7888446215139442,0.7891566265060241,0.8716999471991551,9
simulate0_10_5_1_data.csv,1000,10,Round_Med,0.746,0.9163346613545816,0.5742971887550201,0.8713119409910557,9
simulate10_10_5_4_data.csv,1000,20,CPA,0.806,0.8701825557809331,0.7435897435897436,0.8948833971458406,12
simulate10_10_5_4_data.csv,1000,20,LR,0.809,0.8113590263691683,0.8067061143984221,0.9052474284959853,21
simulate10_10_5_4_data.csv,1000,20,Round,0.806,0.8701825557809331,0.7435897435897436,0.8948833971458406,12
simulate10_10_5_4_data.csv,1000,20,Round_Med,0.809,0.8073022312373225,0.8106508875739645,0.8989001844361495,13
simulate10_10_5_5_data.csv,1000,20,CPA,0.79,0.8654618473895582,0.7151394422310757,0.8767740283844541,14
simulate10_10_5_5_data.csv,1000,20,LR,0.802,0.8052208835341366,0.798804780876494,0.8859901758428134,21
simulate10_10_5_5_data.csv,1000,20,Round,0.797,0.8192771084337349,0.7749003984063745,0.877820045120722,14
simulate10_10_5_5_data.csv,1000,20,Round_Med,0.797,0.6907630522088354,0.9023904382470119,0.876258020128322,14
simulate10_10_10_10_data.csv,1000,20,CPA,0.741,0.8477842003853564,0.6257796257796258,0.819138836479877,8
simulate10_10_10_10_data.csv,1000,20,LR,0.737,0.7475915221579962,0.7255717255717256,0.8327184454352085,21
simulate10_10_10_10_data.csv,1000,20,Round,0.655,0.3834296724470135,0.9480249480249481,0.819138836479877,8
simulate10_10_10_10_data.csv,1000,20,Round_Med,0.739,0.7321772639691715,0.7463617463617463,0.8303089661471165,15
simulate0_10_3_4_data.csv,1000,10,CPA,0.814,0.893574297188755,0.7350597609561753,0.9018464295428726,11
simulate0_10_3_4_data.csv,1000,10,LR,0.829,0.8012048192771084,0.8565737051792829,0.9080725291604665,11
simulate0_10_3_4_data.csv,1000,10,Round,0.828,0.8232931726907631,0.8326693227091634,0.9027024432390918,11
simulate0_10_3_4_data.csv,1000,10,Round_Med,0.826,0.7730923694779116,0.8784860557768924,0.8998063969023504,10
simulate0_10_3_5_data.csv,1000,10,CPA,0.857,0.8957055214723927,0.8199608610567515,0.9321431572881274,11
simulate0_10_3_5_data.csv,1000,10,LR,0.865,0.8711656441717791,0.8590998043052838,0.9350945857795172,11
simulate0_10_3_5_data.csv,1000,10,Round,0.857,0.8895705521472392,0.8258317025440313,0.9299480948779209,11
simulate0_10_3_5_data.csv,1000,10,Round_Med,0.827,0.9304703476482618,0.7279843444227005,0.9152149640425966,10
simulate5_5_5_9_data.csv,1000,10,CPA,0.803,0.8672032193158954,0.7395626242544732,0.8841818305458997,9
simulate5_5_5_9_data.csv,1000,10,LR,0.806,0.8008048289738431,0.8111332007952287,0.8909280734106428,11
simulate5_5_5_9_data.csv,1000,10,Round,0.797,0.8430583501006036,0.7514910536779325,0.8818497465908773,8
simulate5_5_5_9_data.csv,1000,10,Round_Med,0.795,0.7243460764587525,0.8648111332007953,0.8759755351192642,7
simulate10_0_3_10_data.csv,1000,10,CPA,0.592,0.8369781312127237,0.3440643863179074,0.6365549159769752,5
simulate10_0_3_10_data.csv,1000,10,LR,0.615,0.6520874751491054,0.5774647887323944,0.6626738562588252,11
simulate10_0_3_10_data.csv,1000,10,Round,0.614,0.7236580516898609,0.5030181086519114,0.628690632862783,4
simulate10_0_3_10_data.csv,1000,10,Round_Med,0.611,0.7137176938369781,0.5070422535211268,0.6585037061334209,9
simulate5_5_5_8_data.csv,1000,10,CPA,0.828,0.8991935483870968,0.7579365079365079,0.9097322228622632,9
simulate5_5_5_8_data.csv,1000,10,LR,0.841,0.844758064516129,0.8373015873015873,0.9152345750128008,11
simulate5_5_5_8_data.csv,1000,10,Round,0.828,0.8991935483870968,0.7579365079365079,0.9097322228622632,9
simulate5_5_5_8_data.csv,1000,10,Round_Med,0.832,0.7661290322580645,0.8968253968253969,0.9097202220942141,9
simulate10_10_3_1_data.csv,1000,20,CPA,0.846,0.8879668049792531,0.806949806949807,0.9296408144955862,14
simulate10_10_3_1_data.csv,1000,20,LR,0.861,0.8443983402489627,0.8764478764478765,0.9385183197423861,21
simulate10_10_3_1_data.csv,1000,20,Round,0.84,0.7572614107883817,0.916988416988417,0.9295306717505888,14
simulate10_10_3_1_data.csv,1000,20,Round_Med,0.841,0.9045643153526971,0.7818532818532818,0.9271515884586423,13
simulate50_50_10_7_data.csv,1000,100,CPA,0.724,0.798,0.65,0.80907,39
simulate50_50_10_7_data.csv,1000,100,LR,0.759,0.756,0.762,0.8493280000000001,101
simulate50_50_10_7_data.csv,1000,100,Round,0.683,0.456,0.91,0.790872,32
simulate50_50_10_7_data.csv,1000,100,Round_Med,0.761,0.726,0.796,0.843324,78
simulate50_50_10_6_data.csv,1000,100,CPA,0.736,0.8333333333333334,0.6417322834645669,0.8236928653735357,43
simulate50_50_10_6_data.csv,1000,100,LR,0.765,0.766260162601626,0.7637795275590551,0.8667498879713206,101
simulate50_50_10_6_data.csv,1000,100,Round,0.751,0.7317073170731707,0.7696850393700787,0.830862700851418,42
simulate50_50_10_6_data.csv,1000,100,Round_Med,0.767,0.7154471544715447,0.8169291338582677,0.8613585077779911,74
simulate0_10_10_5_data.csv,1000,10,CPA,0.704,0.8472505091649695,0.5658153241650294,0.7954677315450206,10
simulate0_10_10_5_data.csv,1000,10,LR,0.73,0.6680244399185336,0.7897838899803536,0.8082078593464282,11
simulate0_10_10_5_data.csv,1000,10,Round,0.724,0.5845213849287169,0.8585461689587426,0.7954677315450206,10
simulate0_10_10_5_data.csv,1000,10,Round_Med,0.725,0.5641547861507128,0.8801571709233792,0.7829836867144954,10
simulate0_10_10_4_data.csv,1000,10,CPA,0.709,0.8464730290456431,0.581081081081081,0.8031128342331662,9
simulate0_10_10_4_data.csv,1000,10,LR,0.748,0.7344398340248963,0.7606177606177607,0.8242722568448708,11
simulate0_10_10_4_data.csv,1000,10,Round,0.731,0.6078838174273858,0.8455598455598455,0.8031128342331662,9
simulate0_10_10_4_data.csv,1000,10,Round_Med,0.709,0.8464730290456431,0.581081081081081,0.8122366587096879,9
simulate10_10_0_10_data.csv,1000,20,CPA,0.875,0.9317738791423001,0.8151950718685832,0.9511669888844858,17
simulate10_10_0_10_data.csv,1000,20,LR,0.884,0.8908382066276803,0.8767967145790554,0.9562744415224692,21
simulate10_10_0_10_data.csv,1000,20,Round,0.867,0.8245614035087719,0.9117043121149897,0.9511669888844858,17
simulate10_10_0_10_data.csv,1000,20,Round_Med,0.867,0.8245614035087719,0.9117043121149897,0.9519555219328266,17
simulate10_10_10_1_data.csv,1000,20,CPA,0.706,0.8035714285714286,0.6068548387096774,0.7771217357910907,11
simulate10_10_10_1_data.csv,1000,20,LR,0.732,0.7301587301587301,0.7338709677419355,0.8014372919866872,21
simulate10_10_10_1_data.csv,1000,20,Round,0.706,0.8035714285714286,0.6068548387096774,0.7771217357910907,11
simulate10_10_10_1_data.csv,1000,20,Round_Med,0.721,0.7738095238095238,0.6673387096774194,0.792012688812084,17
simulate5_5_0_7_data.csv,1000,10,CPA,0.851,0.9291497975708503,0.7747035573122529,0.9336164407674704,8
simulate5_5_0_7_data.csv,1000,10,LR,0.856,0.902834008097166,0.8102766798418972,0.9385211470451745,11
simulate5_5_0_7_data.csv,1000,10,Round,0.851,0.9291497975708503,0.7747035573122529,0.9336164407674704,8
simulate5_5_0_7_data.csv,1000,10,Round_Med,0.843,0.8582995951417004,0.8280632411067194,0.9366768814709318,8
simulate5_5_0_6_data.csv,1000,10,CPA,0.757,0.8252032520325203,0.6909448818897638,0.821938416234556,9
simulate5_5_0_6_data.csv,1000,10,LR,0.769,0.7601626016260162,0.7775590551181102,0.8359540042250816,11
simulate5_5_0_6_data.csv,1000,10,Round,0.762,0.7113821138211383,0.8110236220472441,0.8303165610396261,9
simulate5_5_0_6_data.csv,1000,10,Round_Med,0.74,0.5772357723577236,0.8976377952755905,0.8252752704692401,9
simulate0_10_0_4_data.csv,1000,10,CPA,0.864,0.8623481781376519,0.8656126482213439,0.941753612520203,11
simulate0_10_0_4_data.csv,1000,10,LR,0.865,0.8441295546558705,0.8853754940711462,0.9451461010385495,11
simulate0_10_0_4_data.csv,1000,10,Round,0.859,0.8178137651821862,0.8992094861660079,0.9405814437278968,11
simulate0_10_0_4_data.csv,1000,10,Round_Med,0.82,0.9190283400809717,0.7233201581027668,0.9127454353426893,10
simulate0_10_0_5_data.csv,1000,10,CPA,0.883,0.918580375782881,0.8502879078694817,0.949292552061837,11
simulate0_10_0_5_data.csv,1000,10,LR,0.885,0.8893528183716075,0.8809980806142035,0.9535400446387428,11
simulate0_10_0_5_data.csv,1000,10,Round,0.887,0.8872651356993737,0.8867562380038387,0.9492685096510244,11
simulate0_10_0_5_data.csv,1000,10,Round_Med,0.873,0.8392484342379958,0.9040307101727447,0.9220525006110779,11
simulate10_0_5_1_data.csv,1000,10,CPA,0.603,0.7692307692307693,0.43204868154158216,0.6433380942664761,6
simulate10_0_5_1_data.csv,1000,10,LR,0.631,0.6351084812623274,0.6267748478701826,0.6665226384371337,11
simulate10_0_5_1_data.csv,1000,10,Round,0.589,0.3767258382642998,0.8073022312373225,0.615076555004781,4
simulate10_0_5_1_data.csv,1000,10,Round_Med,0.622,0.6410256410256411,0.6024340770791075,0.6618857296030023,10
simulate10_10_0_1_data.csv,1000,20,CPA,0.892,0.9438877755511023,0.8403193612774451,0.9630578522314089,16
simulate10_10_0_1_data.csv,1000,20,LR,0.888,0.8817635270541082,0.8942115768463074,0.9672198688794755,21
simulate10_10_0_1_data.csv,1000,20,Round,0.888,0.8717434869739479,0.9041916167664671,0.963181852727411,15
simulate10_10_0_1_data.csv,1000,20,Round_Med,0.874,0.8016032064128257,0.9461077844311377,0.9626158504634018,15
simulate50_50_5_1_data.csv,1000,100,CPA,0.805,0.8797595190380761,0.7305389221556886,0.8994755979023916,57
simulate50_50_5_1_data.csv,1000,100,LR,0.881,0.8877755511022044,0.874251497005988,0.9580438321753287,101
simulate50_50_5_1_data.csv,1000,100,Round,0.83,0.9519038076152304,0.7085828343313373,0.940879763519054,64
simulate50_50_5_1_data.csv,1000,100,Round_Med,0.869,0.8096192384769539,0.9281437125748503,0.9507638030552121,79
simulate10_0_3_5_data.csv,1000,10,CPA,0.642,0.7935871743486974,0.49101796407185627,0.7000288001152004,8
simulate10_0_3_5_data.csv,1000,10,LR,0.657,0.6452905811623246,0.6686626746506986,0.7255849023396094,11
simulate10_0_3_5_data.csv,1000,10,Round,0.597,0.9378757515030061,0.25748502994011974,0.6990207960831843,7
simulate10_0_3_5_data.csv,1000,10,Round_Med,0.659,0.7274549098196392,0.590818363273453,0.7111408445633782,9
simulate10_0_3_4_data.csv,1000,10,CPA,0.599,0.8799212598425197,0.3089430894308943,0.6872359323986941,6
simulate10_0_3_4_data.csv,1000,10,LR,0.654,0.6417322834645669,0.6666666666666666,0.7152531047948275,11
simulate10_0_3_4_data.csv,1000,10,Round,0.652,0.47244094488188976,0.8373983739837398,0.6872359323986941,6
simulate10_0_3_4_data.csv,1000,10,Round_Med,0.66,0.5984251968503937,0.7235772357723578,0.7002752704692401,8
simulate50_50_3_10_data.csv,1000,100,CPA,0.825,0.8867924528301887,0.768642447418738,0.9143467577393765,26
simulate50_50_3_10_data.csv,1000,100,LR,0.936,0.9287211740041929,0.9426386233269598,0.9867479586805681,101
simulate50_50_3_10_data.csv,1000,100,Round,0.88,0.9811320754716981,0.7877629063097514,0.9810038040493684,77
simulate50_50_3_10_data.csv,1000,100,Round_Med,0.795,0.5723270440251572,0.9980879541108987,0.974650360162103,67
simulate50_50_3_4_data.csv,1000,100,CPA,0.81,0.9055441478439425,0.7192982456140351,0.9067789825922324,52
simulate50_50_3_4_data.csv,1000,100,LR,0.933,0.9342915811088296,0.9317738791423001,0.9855622400742902,101
simulate50_50_3_4_data.csv,1000,100,Round,0.925,0.9507186858316222,0.9005847953216374,0.9800325019713326,73
simulate50_50_3_4_data.csv,1000,100,Round_Med,0.912,0.8603696098562629,0.9610136452241715,0.9777189380020895,70
simulate50_50_3_5_data.csv,1000,100,CPA,0.87,0.9096509240246407,0.8323586744639376,0.9457953576617794,58
simulate50_50_3_5_data.csv,1000,100,LR,0.919,0.9096509240246407,0.9278752436647173,0.9785935292257565,100
simulate50_50_3_5_data.csv,1000,100,Round,0.892,0.9158110882956879,0.8693957115009746,0.9699296724585821,80
simulate50_50_3_5_data.csv,1000,100,Round_Med,0.88,0.9609856262833676,0.8031189083820662,0.9716548386709416,81
simulate5_5_10_6_data.csv,1000,10,CPA,0.716,0.834319526627219,0.5943204868154158,0.7805769930906458,9
simulate5_5_10_6_data.csv,1000,10,LR,0.735,0.7613412228796844,0.7079107505070994,0.8017431416557645,11
simulate5_5_10_6_data.csv,1000,10,Round,0.729,0.7712031558185405,0.6855983772819473,0.7808230413160979,7
simulate5_5_10_6_data.csv,1000,10,Round_Med,0.733,0.7534516765285996,0.7119675456389453,0.798532512372425,11
simulate5_5_10_7_data.csv,1000,10,CPA,0.733,0.8384615384615385,0.61875,0.798449519230769,8
simulate5_5_10_7_data.csv,1000,10,LR,0.747,0.7711538461538462,0.7208333333333333,0.811766826923077,11
simulate5_5_10_7_data.csv,1000,10,Round,0.733,0.8384615384615385,0.61875,0.798449519230769,8
simulate5_5_10_7_data.csv,1000,10,Round_Med,0.717,0.5903846153846154,0.8541666666666666,0.7987119391025642,9
simulate50_50_0_1_data.csv,1000,100,CPA,0.864,0.9166666666666666,0.8104838709677419,0.9404281874039939,51
simulate50_50_0_1_data.csv,1000,100,LR,0.982,0.9841269841269841,0.9798387096774194,0.9977398553507424,100
simulate50_50_0_1_data.csv,1000,100,Round,0.934,1.0,0.8669354838709677,0.9964117703533026,95
simulate50_50_0_1_data.csv,1000,100,Round_Med,0.885,0.996031746031746,0.7721774193548387,0.9819548451100871,78
simulate10_0_10_9_data.csv,1000,10,CPA,0.599,0.8914728682170543,0.2871900826446281,0.6620259145364854,6
simulate10_0_10_9_data.csv,1000,10,LR,0.645,0.6782945736434108,0.609504132231405,0.6942108719328592,11
simulate10_0_10_9_data.csv,1000,10,Round,0.588,0.9437984496124031,0.20867768595041322,0.6770332820808508,7
simulate10_0_10_9_data.csv,1000,10,Round_Med,0.653,0.7887596899224806,0.5082644628099173,0.6872317252866935,9
simulate10_0_10_8_data.csv,1000,10,CPA,0.617,0.8723404255319149,0.34368530020703936,0.643828265474889,6
simulate10_0_10_8_data.csv,1000,10,LR,0.637,0.688588007736944,0.5817805383022774,0.6868960518359223,11
simulate10_0_10_8_data.csv,1000,10,Round,0.516,0.10638297872340426,0.9544513457556936,0.6358910901001558,4
simulate10_0_10_8_data.csv,1000,10,Round_Med,0.638,0.7001934235976789,0.5714285714285714,0.681936318384052,10
simulate5_5_3_9_data.csv,1000,10,CPA,0.812,0.9176706827309237,0.7071713147410359,0.8990763852221634,9
simulate5_5_3_9_data.csv,1000,10,LR,0.813,0.8815261044176707,0.7450199203187251,0.9038744619913919,11
simulate5_5_3_9_data.csv,1000,10,Round,0.785,0.9718875502008032,0.599601593625498,0.900894414310629,10
simulate5_5_3_9_data.csv,1000,10,Round_Med,0.799,0.9598393574297188,0.6394422310756972,0.9005704091265461,10
simulate10_10_5_1_data.csv,1000,20,CPA,0.801,0.8759541984732825,0.7184873949579832,0.8863882385015076,15
simulate10_10_5_1_data.csv,1000,20,LR,0.802,0.8282442748091603,0.773109243697479,0.8943726345500033,21
simulate10_10_5_1_data.csv,1000,20,Round,0.805,0.8645038167938931,0.7394957983193278,0.8876110558727306,16
simulate10_10_5_1_data.csv,1000,20,Round_Med,0.779,0.9618320610687023,0.5777310924369747,0.8870377349413048,16
simulate5_5_3_8_data.csv,1000,10,CPA,0.782,0.898238747553816,0.6605316973415133,0.8796137330467946,8
simulate5_5_3_8_data.csv,1000,10,LR,0.789,0.821917808219178,0.754601226993865,0.8876496224172499,11
simulate5_5_3_8_data.csv,1000,10,Round,0.78,0.8669275929549902,0.689161554192229,0.8773626435194635,7
simulate5_5_3_8_data.csv,1000,10,Round_Med,0.759,0.5870841487279843,0.9386503067484663,0.8790974831818601,7
simulate10_0_0_1_data.csv,1000,10,CPA,0.61,0.8416666666666667,0.39615384615384613,0.6818529647435898,8
simulate10_0_0_1_data.csv,1000,10,LR,0.645,0.5854166666666667,0.7,0.7041466346153846,11
simulate10_0_0_1_data.csv,1000,10,Round,0.584,0.25,0.8923076923076924,0.6774739583333333,7
simulate10_0_0_1_data.csv,1000,10,Round_Med,0.631,0.8166666666666667,0.4596153846153846,0.6985176282051282,10
simulate0_10_5_4_data.csv,1000,10,CPA,0.786,0.8994307400379506,0.6596194503171248,0.8833277838176122,11
simulate0_10_5_4_data.csv,1000,10,LR,0.799,0.7912713472485768,0.8076109936575053,0.8854800598545358,11
simulate0_10_5_4_data.csv,1000,10,Round,0.768,0.6679316888045541,0.879492600422833,0.8742312583493468,11
simulate0_10_5_4_data.csv,1000,10,Round_Med,0.762,0.9620493358633776,0.5391120507399577,0.8720549121237527,10
simulate0_10_5_5_data.csv,1000,10,CPA,0.794,0.8786008230452675,0.7140077821011673,0.8903100030423853,11
simulate0_10_5_5_data.csv,1000,10,LR,0.806,0.8168724279835391,0.7957198443579766,0.9002257770091752,11
simulate0_10_5_5_data.csv,1000,10,Round,0.774,0.6049382716049383,0.933852140077821,0.8910225616883636,11
simulate0_10_5_5_data.csv,1000,10,Round_Med,0.797,0.8621399176954733,0.7354085603112841,0.8793874397527662,11
simulate10_10_3_4_data.csv,1000,20,CPA,0.839,0.8795918367346939,0.8,0.9278971588635454,18
simulate10_10_3_4_data.csv,1000,20,LR,0.843,0.8204081632653061,0.8647058823529412,0.9319947979191678,21
simulate10_10_3_4_data.csv,1000,20,Round,0.84,0.8061224489795918,0.8725490196078431,0.9250680272108843,16
simulate10_10_3_4_data.csv,1000,20,Round_Med,0.836,0.8428571428571429,0.8294117647058824,0.9219747899159664,16
simulate10_10_3_5_data.csv,1000,20,CPA,0.834,0.9066390041493776,0.7664092664092664,0.9257738028484916,15
simulate10_10_3_5_data.csv,1000,20,LR,0.844,0.8568464730290456,0.832046332046332,0.9316434098591775,21
simulate10_10_3_5_data.csv,1000,20,Round,0.834,0.8817427385892116,0.7895752895752896,0.9226517566766528,15
simulate10_10_3_5_data.csv,1000,20,Round_Med,0.841,0.8360995850622407,0.8455598455598455,0.9277503644723561,16
simulate0_10_3_1_data.csv,1000,10,CPA,0.841,0.8536585365853658,0.8287401574803149,0.9350073618846425,11
simulate0_10_3_1_data.csv,1000,10,LR,0.867,0.8109756097560976,0.9212598425196851,0.9396505505409385,11
simulate0_10_3_1_data.csv,1000,10,Round,0.844,0.8353658536585366,0.8523622047244095,0.9342571698354779,11
simulate0_10_3_1_data.csv,1000,10,Round_Med,0.848,0.7195121951219512,0.9724409448818898,0.9160064976634018,9
simulate5_5_3_3_data.csv,1000,10,CPA,0.778,0.7983193277310925,0.7595419847328244,0.856391125152351,9
simulate5_5_3_3_data.csv,1000,10,LR,0.78,0.75,0.8072519083969466,0.8611621175187634,11
simulate5_5_3_3_data.csv,1000,10,Round,0.777,0.7857142857142857,0.7690839694656488,0.8554730098146128,9
simulate5_5_3_3_data.csv,1000,10,Round_Med,0.721,0.45168067226890757,0.9656488549618321,0.8482744242735262,8
simulate5_5_3_2_data.csv,1000,10,CPA,0.801,0.8850102669404517,0.7212475633528265,0.8965880935512407,8
simulate5_5_3_2_data.csv,1000,10,LR,0.822,0.7967145790554415,0.8460038986354775,0.9046875687965065,11
simulate5_5_3_2_data.csv,1000,10,Round,0.799,0.8870636550308009,0.7153996101364523,0.8966441314328486,8
simulate5_5_3_2_data.csv,1000,10,Round_Med,0.795,0.893223819301848,0.7017543859649122,0.8905660226312989,8
simulate10_0_10_3_data.csv,1000,10,CPA,0.638,0.744136460554371,0.544256120527307,0.7019402583531092,8
simulate10_0_10_3_data.csv,1000,10,LR,0.66,0.5906183368869936,0.7212806026365348,0.7110633274306433,11
simulate10_0_10_3_data.csv,1000,10,Round,0.638,0.744136460554371,0.544256120527307,0.7019402583531092,8
simulate10_0_10_3_data.csv,1000,10,Round_Med,0.657,0.42430703624733473,0.8625235404896422,0.7019402583531092,8
simulate10_0_10_2_data.csv,1000,10,CPA,0.57,0.8969465648854962,0.21008403361344538,0.6072090095580218,5
simulate10_0_10_2_data.csv,1000,10,LR,0.604,0.6946564885496184,0.5042016806722689,0.6329603406247996,11
simulate10_0_10_2_data.csv,1000,10,Round,0.581,0.7614503816793893,0.38235294117647056,0.57411476040798,4
simulate10_0_10_2_data.csv,1000,10,Round_Med,0.573,0.36450381679389315,0.8025210084033614,0.6193008692026429,9
simulate5_5_5_7_data.csv,1000,10,CPA,0.747,0.7110187110187111,0.7803468208092486,0.7870845500903304,6
simulate5_5_5_7_data.csv,1000,10,LR,0.738,0.6715176715176715,0.7996146435452793,0.8125332980824309,11
simulate5_5_5_7_data.csv,1000,10,Round,0.746,0.7089397089397089,0.7803468208092486,0.7870845500903304,6
simulate5_5_5_7_data.csv,1000,10,Round_Med,0.746,0.7089397089397089,0.7803468208092486,0.7881420771594182,6
simulate5_5_5_6_data.csv,1000,10,CPA,0.771,0.8732673267326733,0.6666666666666666,0.8588038803880388,9
simulate5_5_5_6_data.csv,1000,10,LR,0.787,0.7841584158415842,0.7898989898989899,0.8650765076507652,11
simulate5_5_5_6_data.csv,1000,10,Round,0.78,0.7801980198019802,0.7797979797979798,0.857017701770177,8
simulate5_5_5_6_data.csv,1000,10,Round_Med,0.786,0.7722772277227723,0.8,0.8604940494049405,8
simulate5_5_10_10_data.csv,1000,10,CPA,0.696,0.8545816733067729,0.536144578313253,0.7940107041712667,6
simulate5_5_10_10_data.csv,1000,10,LR,0.723,0.7071713147410359,0.7389558232931727,0.8111609785756573,11
simulate5_5_10_10_data.csv,1000,10,Round,0.727,0.6653386454183267,0.7891566265060241,0.7965627450039201,7
simulate5_5_10_10_data.csv,1000,10,Round_Med,0.706,0.49800796812749004,0.9156626506024096,0.8033988543816701,7
simulate10_10_5_10_data.csv,1000,20,CPA,0.826,0.8864097363083164,0.7672583826429981,0.9109565474833067,16
simulate10_10_5_10_data.csv,1000,20,LR,0.824,0.8275862068965517,0.8205128205128205,0.9159275217942716,21
simulate10_10_5_10_data.csv,1000,20,Round,0.772,0.9756592292089249,0.5739644970414202,0.9075318762477445,15
simulate10_10_5_10_data.csv,1000,20,Round_Med,0.814,0.7586206896551724,0.8678500986193294,0.9088001248244656,16
simulate5_5_3_10_data.csv,1000,10,CPA,0.787,0.9011627906976745,0.6652892561983471,0.8892425844064321,8
simulate5_5_3_10_data.csv,1000,10,LR,0.807,0.8023255813953488,0.8119834710743802,0.8969524793388429,11
simulate5_5_3_10_data.csv,1000,10,Round,0.807,0.7790697674418605,0.8367768595041323,0.8889182522903454,7
simulate5_5_3_10_data.csv,1000,10,Round_Med,0.796,0.872093023255814,0.7148760330578512,0.8916310301748991,7
simulate50_50_0_7_data.csv,1000,100,CPA,0.873,0.9288617886178862,0.8188976377952756,0.9501052269380962,51
simulate50_50_0_7_data.csv,1000,100,LR,0.977,0.9776422764227642,0.9763779527559056,0.9973233147685807,101
simulate50_50_0_7_data.csv,1000,100,Round,0.951,0.9146341463414634,0.9862204724409449,0.9956548876512388,93
simulate50_50_0_7_data.csv,1000,100,Round_Med,0.912,0.975609756097561,0.8503937007874016,0.9809051117085974,70
simulate50_50_0_6_data.csv,1000,100,CPA,0.853,0.9066937119675457,0.8007889546351085,0.9319866693872,52
simulate50_50_0_6_data.csv,1000,100,LR,1.0,1.0,1.0,1.0,101
simulate50_50_0_6_data.csv,1000,100,Round,1.0,1.0,1.0,1.0,101
simulate50_50_0_6_data.csv,1000,100,Round_Med,0.904,0.9898580121703854,0.8205128205128205,0.908612087969242,76
simulate5_5_10_1_data.csv,1000,10,CPA,0.7,0.8107569721115537,0.5883534136546185,0.7846925550808814,7
simulate5_5_10_1_data.csv,1000,10,LR,0.738,0.7290836653386454,0.7469879518072289,0.8054048864781835,11
simulate5_5_10_1_data.csv,1000,10,Round,0.73,0.7071713147410359,0.7530120481927711,0.7925826813229012,6
simulate5_5_10_1_data.csv,1000,10,Round_Med,0.715,0.5557768924302788,0.8755020080321285,0.7963627418038689,7
simulate5_5_0_10_data.csv,1000,10,CPA,0.814,0.8458498023715415,0.7813765182186235,0.8825010801555424,8
simulate5_5_0_10_data.csv,1000,10,LR,0.816,0.8260869565217391,0.805668016194332,0.8891960442303691,11
simulate5_5_0_10_data.csv,1000,10,Round,0.812,0.8320158102766798,0.791497975708502,0.8823870637371781,7
simulate5_5_0_10_data.csv,1000,10,Round_Med,0.696,0.4189723320158103,0.979757085020243,0.8761681682162231,7
simulate10_10_5_7_data.csv,1000,20,CPA,0.807,0.8901734104046243,0.7172557172557172,0.8994808503479024,14
simulate10_10_5_7_data.csv,1000,20,LR,0.817,0.8188824662813102,0.814968814968815,0.9080932867060034,21
simulate10_10_5_7_data.csv,1000,20,Round,0.807,0.8901734104046243,0.7172557172557172,0.8994808503479024,14
simulate10_10_5_7_data.csv,1000,20,Round_Med,0.77,0.6223506743737958,0.9293139293139293,0.9015197945833785,14
simulate10_10_5_6_data.csv,1000,20,CPA,0.793,0.8611670020120724,0.7256461232604374,0.8890060042161518,15
simulate10_10_5_6_data.csv,1000,20,LR,0.808,0.8128772635814889,0.8031809145129225,0.9016584597045494,21
simulate10_10_5_6_data.csv,1000,20,Round,0.792,0.676056338028169,0.9065606361829026,0.8900140405054582,15
simulate10_10_5_6_data.csv,1000,20,Round_Med,0.805,0.7947686116700201,0.8151093439363817,0.8916560996195864,16
simulate10_0_0_6_data.csv,1000,10,CPA,0.628,0.8648111332007953,0.38832997987927564,0.6914068906480633,8
simulate10_0_0_6_data.csv,1000,10,LR,0.66,0.6620278330019881,0.6579476861167002,0.7194919017084616,11
simulate10_0_0_6_data.csv,1000,10,Round,0.649,0.6083499005964215,0.6901408450704225,0.6973691052877904,8
simulate10_0_0_6_data.csv,1000,10,Round_Med,0.653,0.7554671968190855,0.5492957746478874,0.707687476749163,10
simulate10_0_0_7_data.csv,1000,10,CPA,0.585,0.7213438735177866,0.44534412955465585,0.6040869885263478,5
simulate10_0_0_7_data.csv,1000,10,LR,0.595,0.6284584980237155,0.5607287449392713,0.6336752492358899,11
simulate10_0_0_7_data.csv,1000,10,Round,0.599,0.6284584980237155,0.5688259109311741,0.6067793762301771,4
simulate10_0_0_7_data.csv,1000,10,Round_Med,0.6,0.6679841897233202,0.5303643724696356,0.6320590164983758,9
simulate0_10_5_3_data.csv,1000,10,CPA,0.84,0.8966861598440545,0.7802874743326489,0.9164635293458377,10
simulate0_10_5_3_data.csv,1000,10,LR,0.846,0.8304093567251462,0.8624229979466119,0.9222014081519108,11
simulate0_10_5_3_data.csv,1000,10,Round,0.845,0.8148148148148148,0.8767967145790554,0.9176203113304594,10
simulate0_10_5_3_data.csv,1000,10,Round_Med,0.764,0.580896686159844,0.9568788501026694,0.8844618962418594,9
simulate0_10_5_2_data.csv,1000,10,CPA,0.789,0.9019607843137255,0.6714285714285714,0.8881072428971589,11
simulate0_10_5_2_data.csv,1000,10,LR,0.805,0.8372549019607843,0.7714285714285715,0.896812725090036,11
simulate0_10_5_2_data.csv,1000,10,Round,0.783,0.6607843137254902,0.9102040816326531,0.8884293717486994,11
simulate0_10_5_2_data.csv,1000,10,Round_Med,0.773,0.9352941176470588,0.6040816326530613,0.8928111244497798,11
simulate10_10_3_3_data.csv,1000,20,CPA,0.875,0.9132231404958677,0.8391472868217055,0.9557106477032481,14
simulate10_10_3_3_data.csv,1000,20,LR,0.88,0.8842975206611571,0.875968992248062,0.9597127458517523,21
simulate10_10_3_3_data.csv,1000,20,Round,0.841,0.9628099173553719,0.7267441860465116,0.9556305656992761,15
simulate10_10_3_3_data.csv,1000,20,Round_Med,0.861,0.859504132231405,0.8624031007751938,0.946809532961753,11
simulate10_10_3_2_data.csv,1000,20,CPA,0.849,0.91015625,0.7848360655737705,0.9336277695952868,16
simulate10_10_3_2_data.csv,1000,20,LR,0.856,0.86328125,0.8483606557377049,0.9408059042008197,21
simulate10_10_3_2_data.csv,1000,20,Round,0.781,0.6015625,0.9692622950819673,0.931398485527664,15
simulate10_10_3_2_data.csv,1000,20,Round_Med,0.811,0.703125,0.9241803278688525,0.9275362608862705,13
simulate0_10_3_7_data.csv,1000,10,CPA,0.835,0.9302788844621513,0.7389558232931727,0.9264348229571674,11
simulate0_10_3_7_data.csv,1000,10,LR,0.859,0.8466135458167331,0.8714859437751004,0.9313129010064161,11
simulate0_10_3_7_data.csv,1000,10,Round,0.835,0.9302788844621513,0.7389558232931727,0.9264348229571674,11
simulate0_10_3_7_data.csv,1000,10,Round_Med,0.853,0.8266932270916335,0.8795180722891566,0.906066497063953,11
simulate0_10_3_6_data.csv,1000,10,CPA,0.849,0.9040816326530612,0.796078431372549,0.9312444977991197,11
simulate0_10_3_6_data.csv,1000,10,LR,0.855,0.8755102040816326,0.8352941176470589,0.9347579031612645,11
simulate0_10_3_6_data.csv,1000,10,Round,0.854,0.8755102040816326,0.8333333333333334,0.9312284913965586,11
simulate0_10_3_6_data.csv,1000,10,Round_Med,0.622,0.23061224489795917,0.9980392156862745,0.8881672669067627,8
simulate50_50_5_10_data.csv,1000,100,CPA,0.785,0.8326693227091634,0.7369477911646586,0.8604637674202787,40
simulate50_50_5_10_data.csv,1000,100,LR,0.886,0.8844621513944223,0.8875502008032129,0.9581313301012817,101
simulate50_50_5_10_data.csv,1000,100,Round,0.719,0.9900398406374502,0.4457831325301205,0.9425450807212915,72
simulate50_50_5_10_data.csv,1000,100,Round_Med,0.834,0.9661354581673307,0.7008032128514057,0.9489811836989392,79
simulate10_0_10_4_data.csv,1000,10,CPA,0.607,0.7651991614255765,0.4627151051625239,0.6604855875031567,5
simulate10_0_10_4_data.csv,1000,10,LR,0.645,0.5534591194968553,0.7284894837476099,0.688899711790148,11
simulate10_0_10_4_data.csv,1000,10,Round,0.557,0.8805031446540881,0.26195028680688337,0.6689094123164617,6
simulate10_0_10_4_data.csv,1000,10,Round_Med,0.635,0.49266247379454925,0.7648183556405354,0.6846266700337915,9
simulate10_0_10_5_data.csv,1000,10,CPA,0.597,0.8413361169102297,0.3723608445297505,0.6704045937032925,5
simulate10_0_10_5_data.csv,1000,10,LR,0.661,0.6096033402922756,0.708253358925144,0.7022487668246788,11
simulate10_0_10_5_data.csv,1000,10,Round,0.634,0.4488517745302714,0.8042226487523992,0.6734078915206424,6
simulate10_0_10_5_data.csv,1000,10,Round_Med,0.636,0.7661795407098121,0.5163147792706334,0.6928421735942205,9
simulate0_10_5_9_data.csv,1000,10,CPA,0.809,0.8895582329317269,0.7290836653386454,0.9009584153346453,11
simulate0_10_5_9_data.csv,1000,10,LR,0.827,0.8253012048192772,0.8286852589641435,0.9018104289668635,11
simulate0_10_5_9_data.csv,1000,10,Round,0.813,0.857429718875502,0.7689243027888446,0.8957883326133218,11
simulate0_10_5_9_data.csv,1000,10,Round_Med,0.731,0.9558232931726908,0.5079681274900398,0.8834921358741741,10
simulate0_10_5_8_data.csv,1000,10,CPA,0.791,0.8407643312101911,0.7466918714555766,0.8677109797358314,11
simulate0_10_5_8_data.csv,1000,10,LR,0.791,0.7983014861995754,0.7844990548204159,0.8744536621193696,11
simulate0_10_5_8_data.csv,1000,10,Round,0.793,0.8301486199575372,0.7599243856332704,0.8680942691213241,11
simulate0_10_5_8_data.csv,1000,10,Round_Med,0.699,0.3885350318471338,0.9754253308128544,0.8508582872784046,9
simulate5_5_3_4_data.csv,1000,10,CPA,0.856,0.8760162601626016,0.8366141732283464,0.9243326291530632,9
simulate5_5_3_4_data.csv,1000,10,LR,0.853,0.8252032520325203,0.8799212598425197,0.9294099289418091,11
simulate5_5_3_4_data.csv,1000,10,Round,0.855,0.8495934959349594,0.860236220472441,0.9244066481019142,10
simulate5_5_3_4_data.csv,1000,10,Round_Med,0.844,0.8292682926829268,0.8582677165354331,0.9150822610588311,8
simulate5_5_3_5_data.csv,1000,10,CPA,0.709,0.8884615384615384,0.5145833333333333,0.7773938301282051,7
simulate5_5_3_5_data.csv,1000,10,LR,0.73,0.7692307692307693,0.6875,0.7938241185897436,11
simulate5_5_3_5_data.csv,1000,10,Round,0.69,0.5711538461538461,0.81875,0.7773938301282051,7
simulate5_5_3_5_data.csv,1000,10,Round_Med,0.717,0.8711538461538462,0.55,0.7878685897435898,7
simulate10_10_3_9_data.csv,1000,20,CPA,0.861,0.9090909090909091,0.8095238095238095,0.9412781175038344,15
simulate10_10_3_9_data.csv,1000,20,LR,0.88,0.8916827852998066,0.8674948240165632,0.9467364273099703,21
simulate10_10_3_9_data.csv,1000,20,Round,0.841,0.9516441005802708,0.722567287784679,0.9418487771864275,15
simulate10_10_3_9_data.csv,1000,20,Round_Med,0.878,0.8955512572533849,0.8592132505175983,0.9398644833427442,16
simulate10_10_3_8_data.csv,1000,20,CPA,0.86,0.9223107569721115,0.7971887550200804,0.9369309908958544,15
simulate10_10_3_8_data.csv,1000,20,LR,0.871,0.8764940239043825,0.8654618473895582,0.9449051184818956,21
simulate10_10_3_8_data.csv,1000,20,Round,0.854,0.8266932270916335,0.8815261044176707,0.9368469895518328,15
simulate10_10_3_8_data.csv,1000,20,Round_Med,0.836,0.7589641434262948,0.9136546184738956,0.935616969871518,14
simulate5_5_5_1_data.csv,1000,10,CPA,0.787,0.8238747553816047,0.7484662576687117,0.874453235365917,8
simulate5_5_5_1_data.csv,1000,10,LR,0.801,0.7984344422700587,0.803680981595092,0.8840178646464889,11
simulate5_5_5_1_data.csv,1000,10,Round,0.799,0.7964774951076321,0.8016359918200409,0.8733867191720793,7
simulate5_5_5_1_data.csv,1000,10,Round_Med,0.802,0.8277886497064579,0.7750511247443763,0.8731866223252053,7
simulate50_50_10_1_data.csv,1000,100,CPA,0.703,0.7673469387755102,0.6411764705882353,0.7691276510604241,14
simulate50_50_10_1_data.csv,1000,100,LR,0.793,0.7653061224489796,0.8196078431372549,0.8898239295718287,101
simulate50_50_10_1_data.csv,1000,100,Round,0.654,0.31020408163265306,0.984313725490196,0.8465666266506604,44
simulate50_50_10_1_data.csv,1000,100,Round_Med,0.787,0.8367346938775511,0.7392156862745098,0.8836914765906363,78
simulate0_10_10_2_data.csv,1000,10,CPA,0.739,0.8232848232848233,0.6608863198458574,0.8241040061849311,8
simulate0_10_10_2_data.csv,1000,10,LR,0.753,0.760914760914761,0.7456647398843931,0.8396103974138656,11
simulate0_10_10_2_data.csv,1000,10,Round,0.753,0.7193347193347194,0.7842003853564548,0.8278253798485014,9
simulate0_10_10_2_data.csv,1000,10,Round_Med,0.716,0.5051975051975052,0.9113680154142582,0.8126334426912463,9
simulate0_10_10_3_data.csv,1000,10,CPA,0.742,0.8271844660194175,0.6515463917525773,0.8203042738464619,11
simulate0_10_10_3_data.csv,1000,10,LR,0.754,0.7669902912621359,0.7402061855670103,0.8354098688819938,11
simulate0_10_10_3_data.csv,1000,10,Round,0.75,0.7980582524271844,0.6989690721649484,0.8247903112801522,11
simulate0_10_10_3_data.csv,1000,10,Round_Med,0.728,0.887378640776699,0.5587628865979382,0.8055990391352217,10
simulate0_10_0_9_data.csv,1000,10,CPA,0.896,0.9230769230769231,0.8681541582150102,0.9529967873703246,11
simulate0_10_0_9_data.csv,1000,10,LR,0.897,0.9191321499013807,0.8742393509127789,0.9548131433761018,11
simulate0_10_0_9_data.csv,1000,10,Round,0.89,0.8974358974358975,0.8823529411764706,0.9529967873703246,11
simulate0_10_0_9_data.csv,1000,10,Round_Med,0.699,0.9980276134122288,0.39148073022312374,0.936575568811487,11
simulate50_50_0_10_data.csv,1000,100,CPA,0.846,0.893223819301848,0.8011695906432749,0.9275530258454715,45
simulate50_50_0_10_data.csv,1000,100,LR,0.95,0.9507186858316222,0.949317738791423,0.9920706397524727,100
simulate50_50_0_10_data.csv,1000,100,Round,0.936,0.9219712525667351,0.949317738791423,0.9890626063218735,83
simulate50_50_0_10_data.csv,1000,100,Round_Med,0.909,0.839835728952772,0.9746588693957114,0.9840892443291666,76
simulate0_10_0_8_data.csv,1000,10,CPA,0.867,0.8804554079696395,0.8520084566596194,0.9491757966229525,11
simulate0_10_0_8_data.csv,1000,10,LR,0.877,0.8633776091081594,0.8921775898520085,0.9523269854896879,11
simulate0_10_0_8_data.csv,1000,10,Round,0.852,0.9468690702087287,0.7463002114164905,0.9501265690754239,11
simulate0_10_0_8_data.csv,1000,10,Round_Med,0.869,0.8026565464895635,0.9429175475687104,0.9232120864440709,10
simulate10_10_10_7_data.csv,1000,20,CPA,0.744,0.7756813417190775,0.7151051625239006,0.821865066480673,12
simulate10_10_10_7_data.csv,1000,20,LR,0.75,0.7190775681341719,0.7782026768642447,0.8354698542115115,21
simulate10_10_10_7_data.csv,1000,20,Round,0.758,0.7421383647798742,0.7724665391969407,0.8201794998216224,12
simulate10_10_10_7_data.csv,1000,20,Round_Med,0.754,0.7442348008385744,0.762906309751434,0.8275611193284992,14
simulate10_10_10_6_data.csv,1000,20,CPA,0.736,0.8326693227091634,0.6385542168674698,0.8151070417126675,11
simulate10_10_10_6_data.csv,1000,20,LR,0.752,0.7569721115537849,0.7469879518072289,0.8327853245651929,21
simulate10_10_10_6_data.csv,1000,20,Round,0.719,0.8924302788844621,0.5441767068273092,0.8083489335829374,10
simulate10_10_10_6_data.csv,1000,20,Round_Med,0.739,0.8645418326693227,0.6124497991967871,0.8288492615881854,18
simulate50_50_3_9_data.csv,1000,100,CPA,0.836,0.904,0.768,0.916422,50
simulate50_50_3_9_data.csv,1000,100,LR,0.903,0.906,0.9,0.971072,101
simulate50_50_3_9_data.csv,1000,100,Round,0.784,0.574,0.994,0.960598,68
simulate50_50_3_9_data.csv,1000,100,Round_Med,0.826,0.664,0.988,0.961254,71
simulate50_50_3_8_data.csv,1000,100,CPA,0.824,0.9009708737864077,0.7422680412371134,0.9190131118006206,46
simulate50_50_3_8_data.csv,1000,100,LR,0.918,0.920388349514563,0.9154639175257732,0.980514463016715,101
simulate50_50_3_8_data.csv,1000,100,Round,0.895,0.887378640776699,0.9030927835051547,0.9719247322590332,69
simulate50_50_3_8_data.csv,1000,100,Round_Med,0.868,0.9805825242718447,0.7484536082474227,0.9745931338204383,74
simulate5_5_0_1_data.csv,1000,10,CPA,0.828,0.935361216730038,0.7088607594936709,0.9054904461664341,8
simulate5_5_0_1_data.csv,1000,10,LR,0.833,0.8593155893536122,0.8037974683544303,0.911143732653094,11
simulate5_5_0_1_data.csv,1000,10,Round,0.829,0.8346007604562737,0.8227848101265823,0.905977763873514,8
simulate5_5_0_1_data.csv,1000,10,Round_Med,0.834,0.8555133079847909,0.810126582278481,0.91006882610579,9
simulate10_0_3_8_data.csv,1000,10,CPA,0.632,0.8191056910569106,0.4507874015748031,0.6956800941040906,6
simulate10_0_3_8_data.csv,1000,10,LR,0.653,0.6747967479674797,0.6318897637795275,0.7153091191344985,11
simulate10_0_3_8_data.csv,1000,10,Round,0.635,0.38414634146341464,0.8779527559055118,0.6956800941040906,6
simulate10_0_3_8_data.csv,1000,10,Round_Med,0.664,0.6382113821138211,0.6889763779527559,0.7074150982651558,8
simulate10_0_3_9_data.csv,1000,10,CPA,0.596,0.8218623481781376,0.37549407114624506,0.6368217023251348,6
simulate10_0_3_9_data.csv,1000,10,LR,0.618,0.6680161943319838,0.5691699604743083,0.6544302379542655,11
simulate10_0_3_9_data.csv,1000,10,Round,0.618,0.6923076923076923,0.5454545454545454,0.6305147941303547,5
simulate10_0_3_9_data.csv,1000,10,Round_Med,0.618,0.7165991902834008,0.5217391304347826,0.6511257621097438,7
simulate0_10_0_3_data.csv,1000,10,CPA,0.88,0.8905950095969289,0.8684759916492694,0.9457382823300302,11
simulate0_10_0_3_data.csv,1000,10,LR,0.88,0.8905950095969289,0.8684759916492694,0.9467901378030847,11
simulate0_10_0_3_data.csv,1000,10,Round,0.877,0.8272552783109405,0.9311064718162839,0.9446603809119286,11
simulate0_10_0_3_data.csv,1000,10,Round_Med,0.875,0.8829174664107485,0.8663883089770354,0.9225634018408472,10
simulate0_10_0_2_data.csv,1000,10,CPA,0.888,0.9392156862745098,0.8346938775510204,0.962687074829932,11
simulate0_10_0_2_data.csv,1000,10,LR,0.886,0.8921568627450981,0.8795918367346939,0.9645438175270108,11
simulate0_10_0_2_data.csv,1000,10,Round,0.889,0.8529411764705882,0.926530612244898,0.9617607042817127,11
simulate0_10_0_2_data.csv,1000,10,Round_Med,0.646,0.307843137254902,0.9979591836734694,0.9366286514605844,9
simulate10_0_5_6_data.csv,1000,10,CPA,0.621,0.8031809145129225,0.43661971830985913,0.6851586657119657,9
simulate10_0_5_6_data.csv,1000,10,LR,0.635,0.6202783300198808,0.6498993963782697,0.6959550543819577,11
simulate10_0_5_6_data.csv,1000,10,Round,0.614,0.510934393638171,0.7183098591549296,0.6637618954282354,7
simulate10_0_5_6_data.csv,1000,10,Round_Med,0.641,0.5765407554671969,0.7062374245472837,0.6893508166293987,10
simulate10_0_5_7_data.csv,1000,10,CPA,0.626,0.8697394789579158,0.38323353293413176,0.6986947947791791,8
simulate10_0_5_7_data.csv,1000,10,LR,0.651,0.655310621242485,0.6467065868263473,0.7220868883475534,11
simulate10_0_5_7_data.csv,1000,10,Round,0.644,0.531062124248497,0.7564870259481038,0.6986947947791791,8
simulate10_0_5_7_data.csv,1000,10,Round_Med,0.654,0.6973947895791583,0.6107784431137725,0.7103048412193649,9
simulate0_10_10_8_data.csv,1000,10,CPA,0.722,0.8461538461538461,0.5943204868154158,0.8014050753947773,9
simulate0_10_10_8_data.csv,1000,10,LR,0.733,0.7435897435897436,0.7221095334685599,0.8183003868758276,11
simulate0_10_10_8_data.csv,1000,10,Round,0.718,0.611439842209073,0.8275862068965517,0.8014050753947773,9
simulate0_10_10_8_data.csv,1000,10,Round_Med,0.733,0.7731755424063116,0.691683569979716,0.8016711275409979,9
simulate10_10_0_7_data.csv,1000,20,CPA,0.872,0.9108527131782945,0.8305785123966942,0.9468936190659234,14
simulate10_10_0_7_data.csv,1000,20,LR,0.876,0.8798449612403101,0.871900826446281,0.9529918636683965,21
simulate10_10_0_7_data.csv,1000,20,Round,0.869,0.8662790697674418,0.871900826446281,0.9465472643987444,15
simulate10_10_0_7_data.csv,1000,20,Round_Med,0.853,0.7751937984496124,0.9359504132231405,0.9449336120187072,13
simulate0_10_10_9_data.csv,1000,10,CPA,0.706,0.8824701195219123,0.5281124497991968,0.7916266660266564,8
simulate0_10_10_9_data.csv,1000,10,LR,0.726,0.7390438247011952,0.7128514056224899,0.8137830205283285,11
simulate0_10_10_9_data.csv,1000,10,Round,0.634,0.31274900398406374,0.9578313253012049,0.7940407046512744,9
simulate0_10_10_9_data.csv,1000,10,Round_Med,0.634,0.31274900398406374,0.9578313253012049,0.7967847485559769,9
simulate10_10_0_6_data.csv,1000,20,CPA,0.895,0.9387351778656127,0.8502024291497976,0.9645989022419229,14
simulate10_10_0_6_data.csv,1000,20,LR,0.907,0.9011857707509882,0.9129554655870445,0.9685854763085885,21
simulate10_10_0_6_data.csv,1000,20,Round,0.856,0.9703557312252964,0.7388663967611336,0.9641468371445489,14
simulate10_10_0_6_data.csv,1000,20,Round_Med,0.902,0.8932806324110671,0.9109311740890689,0.9597502040293803,14
simulate5_5_5_10_data.csv,1000,10,CPA,0.779,0.8795918367346939,0.6823529411764706,0.8690276110444177,10
simulate5_5_5_10_data.csv,1000,10,LR,0.787,0.7755102040816326,0.7980392156862746,0.8785094037615045,11
simulate5_5_5_10_data.csv,1000,10,Round,0.779,0.8795918367346939,0.6823529411764706,0.8690276110444177,10
simulate5_5_5_10_data.csv,1000,10,Round_Med,0.791,0.7816326530612245,0.8,0.8689815926370549,10
simulate50_50_5_7_data.csv,1000,100,CPA,0.8,0.8424242424242424,0.7584158415841584,0.8824062406240624,47
simulate50_50_5_7_data.csv,1000,100,LR,0.868,0.8727272727272727,0.8633663366336634,0.9502910291029102,101
simulate50_50_5_7_data.csv,1000,100,Round,0.825,0.703030303030303,0.9445544554455445,0.9312531253125312,60
simulate50_50_5_7_data.csv,1000,100,Round_Med,0.862,0.9090909090909091,0.8158415841584158,0.9427822782278227,73
simulate50_50_5_6_data.csv,1000,100,CPA,0.844,0.8927125506072875,0.7964426877470355,0.9226268582675905,56
simulate50_50_5_6_data.csv,1000,100,LR,0.889,0.8866396761133604,0.8913043478260869,0.960766350354451,101
simulate50_50_5_6_data.csv,1000,100,Round,0.86,0.8340080971659919,0.8853754940711462,0.9387291770014882,63
simulate50_50_5_6_data.csv,1000,100,Round_Med,0.88,0.840080971659919,0.9189723320158103,0.9530612408186778,79
simulate10_10_3_10_data.csv,1000,20,CPA,0.819,0.892578125,0.7418032786885246,0.9139924596567622,17
simulate10_10_3_10_data.csv,1000,20,LR,0.841,0.849609375,0.8319672131147541,0.9216988985655737,21
simulate10_10_3_10_data.csv,1000,20,Round,0.805,0.908203125,0.6967213114754098,0.9124035444415983,17
simulate10_10_3_10_data.csv,1000,20,Round_Med,0.823,0.7265625,0.9241803278688525,0.9184530289446721,17
simulate10_0_3_2_data.csv,1000,10,CPA,0.594,0.7861507128309573,0.4086444007858546,0.6445168234507981,6
simulate10_0_3_2_data.csv,1000,10,LR,0.628,0.615071283095723,0.6404715127701375,0.6719237032798627,11
simulate10_0_3_2_data.csv,1000,10,Round,0.603,0.4663951120162933,0.7347740667976425,0.6396592495968694,5
simulate10_0_3_2_data.csv,1000,10,Round_Med,0.618,0.5458248472505092,0.68762278978389,0.6642932310068462,9
simulate10_0_3_3_data.csv,1000,10,CPA,0.58,0.901840490797546,0.2720156555772994,0.6349873338695929,6
simulate10_0_3_3_data.csv,1000,10,LR,0.611,0.5398773006134969,0.6790606653620352,0.6554992616426351,11
simulate10_0_3_3_data.csv,1000,10,Round,0.591,0.37014314928425357,0.8023483365949119,0.63619791979318,7
simulate10_0_3_3_data.csv,1000,10,Round_Med,0.589,0.3558282208588957,0.812133072407045,0.6536063454712081,9
simulate50_50_3_3_data.csv,1000,100,CPA,0.843,0.905511811023622,0.7784552845528455,0.9175688976377953,46
simulate50_50_3_3_data.csv,1000,100,LR,0.915,0.9133858267716536,0.9166666666666666,0.9780783880673452,101
simulate50_50_3_3_data.csv,1000,100,Round,0.891,0.844488188976378,0.9390243902439024,0.9670895749311824,69
simulate50_50_3_3_data.csv,1000,100,Round_Med,0.885,0.8149606299212598,0.9573170731707317,0.9690000640163883,72
simulate50_50_3_2_data.csv,1000,100,CPA,0.844,0.8966202783300199,0.7907444668008048,0.9261733422403207,53
simulate50_50_3_2_data.csv,1000,100,LR,0.933,0.9363817097415507,0.9295774647887324,0.9810233168394061,101
simulate50_50_3_2_data.csv,1000,100,Round,0.903,0.9662027833001988,0.8390342052313883,0.9717109815953375,74
simulate50_50_3_2_data.csv,1000,100,Round_Med,0.861,0.7455268389662028,0.9778672032193159,0.9727730198287139,71
